,Player,Week,Opponet ,Win/Loss,Rushing Attempts,Total Rushing Yards,Rushing Touchdowns,Passes Targetted,Passes caught,Total passing yards,Recieving_Touchdowns,Fantasy Points Per Game
0,Tevin Coleman,1,at TB,W 31-17,6,23,0,3,2,33,0,5.6
1, Raheem Mostert,1,at TB,W 31-17,9,40,0,1,1,0,0,4.0
2, Matt Breida,1,at TB,W 31-17,15,37,0,1,0,0,0,3.7
3, Raheem Mostert,2,at CIN,W 41-17,13,83,0,4,3,68,1,21.1
4, Jeff Wilson,2,at CIN,W 41-17,10,34,2,0,0,0,0,15.4
5, Matt Breida,2,at CIN,W 41-17,12,121,0,1,1,11,0,13.2
6, Kyle Juszczyk,2,at CIN,W 41-17,1,6,0,2,1,5,0,1.1
7, Jeff Wilson,3,PIT,W 24-20,8,18,2,1,0,0,0,13.8
8, Matt Breida,3,PIT,W 24-20,14,68,0,3,2,20,0,8.8
9, Raheem Mostert,3,PIT,W 24-20,12,79,0,1,0,0,0,7.9
10, Kyle Juszczyk,3,PIT,W 24-20,0,0,0,3,3,51,0,5.1
11, Matt Breida,5,CLE,W 31-3,11,114,1,3,3,15,1,24.9
12, Tevin Coleman,5,CLE,W 31-3,16,97,1,0,0,0,0,15.7
13, Raheem Mostert,5,CLE,W 31-3,7,34,0,0,0,0,0,3.4
14, Kyle Juszczyk,5,CLE,W 31-3,0,0,0,3,2,20,0,2.0
15, Tevin Coleman,6,at LAR,W 20-7,18,45,1,3,2,16,0,12.1
16, Matt Breida,6,at LAR,W 20-7,13,36,0,4,4,27,0,6.3
17, Raheem Mostert,6,at LAR,W 20-7,4,13,0,0,0,0,0,1.3
18, Tevin Coleman,7,at WAS,W 9-0,20,62,0,2,2,-1,0,6.1
19, Matt Breida,7,at WAS,W 9-0,8,35,0,1,1,1,0,3.6
20, Jeff Wilson,7,at WAS,W 9-0,5,20,0,0,0,0,0,2.0
21, Tevin Coleman,8,CAR,W 51-13,11,105,3,2,2,13,1,35.8
22, Raheem Mostert,8,CAR,W 51-13,9,60,1,0,0,0,0,12.0
23, Matt Breida,8,CAR,W 51-13,11,35,0,1,1,15,0,5.0
24, Jeff Wilson,8,CAR,W 51-13,2,6,0,0,0,0,0,0.6
25, Matt Breida,9,at ARI,W 28-25,15,78,0,2,2,14,0,9.2
26, Tevin Coleman,9,at ARI,W 28-25,12,23,0,4,2,13,0,3.6
27, Jeff Wilson,9,at ARI,W 28-25,0,0,0,1,1,2,0,0.2
28, Raheem Mostert,9,at ARI,W 28-25,1,-2,0,0,0,0,0,-0.2
29, Tevin Coleman,10,SEA,L 24-27,9,40,0,4,4,32,0,7.2
30, Raheem Mostert,10,SEA,L 24-27,6,28,0,1,1,7,0,3.5
31, Matt Breida,10,SEA,L 24-27,10,18,0,2,2,7,0,2.5
32, Kyle Juszczyk,10,SEA,L 24-27,0,0,0,1,0,0,0,0.0
33, Jeff Wilson,11,ARI,W 36-26,0,0,0,1,1,25,1,8.5
34, Kyle Juszczyk,11,ARI,W 36-26,0,0,0,7,7,63,0,6.3
35, Tevin Coleman,11,ARI,W 36-26,12,14,0,4,3,48,0,6.2
36, Raheem Mostert,11,ARI,W 36-26,6,13,0,3,2,14,0,2.7
37, Raheem Mostert,12,GB,W 37-8,6,45,1,3,1,22,0,12.7
38, Tevin Coleman,12,GB,W 37-8,11,39,1,4,2,10,0,10.9
39, Jeff Wilson,12,GB,W 37-8,2,27,0,1,0,0,0,2.7
40, Raheem Mostert,13,at BAL,L 17-20,19,146,1,2,2,8,0,21.4
41, Tevin Coleman,13,at BAL,L 17-20,5,6,0,1,1,9,0,1.5
42, Jeff Wilson,13,at BAL,L 17-20,0,0,0,1,1,7,0,0.7
43, Raheem Mostert,14,at NO,W 48-46,10,69,1,2,2,40,1,22.9
44, Matt Breida,14,at NO,W 48-46,6,54,0,1,1,4,0,5.8
45, Kyle Juszczyk,14,at NO,W 48-46,0,0,0,3,3,22,0,2.2
46, Tevin Coleman,14,at NO,W 48-46,3,6,0,0,0,0,0,0.6
47, Raheem Mostert,15,ATL,L 22-29,14,54,1,2,1,5,0,11.9
48, Kyle Juszczyk,15,ATL,L 22-29,2,1,0,2,2,6,1,6.7
49, Tevin Coleman,15,ATL,L 22-29,4,40,0,1,0,0,0,4.0
50, Matt Breida,15,ATL,L 22-29,4,11,0,2,2,6,0,1.7
51, Raheem Mostert,16,LAR,W 34-31,11,53,1,1,0,0,0,11.3
52, Tevin Coleman,16,LAR,W 34-31,5,33,0,0,0,0,0,3.3
53, Kyle Juszczyk,16,LAR,W 34-31,0,0,0,2,1,23,0,2.3
54, Raheem Mostert,17,at SEA,W 26-21,10,57,2,2,1,16,0,19.3
55, Kyle Juszczyk,17,at SEA,W 26-21,0,0,0,1,1,49,0,4.9
56, Tevin Coleman,17,at SEA,W 26-21,5,11,0,2,1,7,0,1.8
57, Matt Breida,17,at SEA,W 26-21,4,16,0,1,0,0,0,1.6
58, Austin Ekeler,1,IND,W 30-24,12,58,1,7,6,96,2,33.4
59, Justin Jackson,1,IND,W 30-24,6,57,0,3,1,4,0,6.1
60, Derek Watt,1,IND,W 30-24,2,4,0,0,0,0,0,0.4
61, Austin Ekeler,2,at DET,L 10-13,17,66,1,6,6,67,0,19.3
62, Justin Jackson,2,at DET,L 10-13,7,59,0,1,1,5,0,6.4
63, Derek Watt,2,at DET,L 10-13,0,0,0,2,1,3,0,0.3
64, Austin Ekeler,3,HOU,L 20-27,9,36,0,7,7,45,0,8.1
65, Justin Jackson,3,HOU,L 20-27,5,26,0,4,4,4,0,3.0
66, Derek Watt,3,HOU,L 20-27,1,-1,0,0,0,0,0,-0.1
67, Austin Ekeler,4,at MIA,W 30-10,18,60,1,5,5,62,1,24.2
68, Troymaine Pope,4,at MIA,W 30-10,10,20,0,2,2,14,1,9.4
69, Derek Watt,4,at MIA,W 30-10,0,0,0,1,1,21,0,2.1
70, Austin Ekeler,5,DEN,L 13-20,3,7,0,16,15,86,0,9.3
71, Melvin Gordon,5,DEN,L 13-20,12,31,0,6,4,7,0,3.8
72, Derek Watt,5,DEN,L 13-20,0,0,0,1,1,8,0,0.8
73, Melvin Gordon,6,PIT,L 17-24,8,18,0,4,3,30,0,4.8
74, Austin Ekeler,6,PIT,L 17-24,5,14,0,4,3,14,0,2.8
75, Austin Ekeler,7,at TEN,L 20-23,5,7,0,8,7,118,1,18.5
76, Melvin Gordon,7,at TEN,L 20-23,16,32,0,3,2,-3,1,8.9
77, Melvin Gordon,8,at CHI,W 17-16,8,31,1,3,2,3,0,9.4
78, Austin Ekeler,8,at CHI,W 17-16,3,3,0,3,2,19,1,8.2
79, Derek Watt,8,at CHI,W 17-16,1,2,0,0,0,0,0,0.2
80, Melvin Gordon,9,GB,W 26-11,20,80,2,4,3,29,0,22.9
81, Austin Ekeler,9,GB,W 26-11,12,70,0,4,4,23,0,9.3
82, Justin Jackson,9,GB,W 26-11,2,7,0,1,1,7,0,1.4
83, Melvin Gordon,10,at LV,L 24-26,22,108,1,1,1,25,0,19.3
84, Austin Ekeler,10,at LV,L 24-26,6,19,0,2,2,29,1,10.8
85, Derek Watt,10,at LV,L 24-26,1,1,0,1,0,0,0,0.1
86, Austin Ekeler,11,KC,L 17-24,5,24,0,12,8,108,0,13.2
87, Melvin Gordon,11,KC,L 17-24,14,69,0,5,3,21,0,9.0
88, Troymaine Pope,11,KC,L 17-24,0,0,0,1,0,0,0,0.0
89, Austin Ekeler,13,at DEN,L 20-23,9,16,0,5,4,51,1,12.7
90, Melvin Gordon,13,at DEN,L 20-23,20,99,0,3,2,11,0,11.0
91, Troymaine Pope,13,at DEN,L 20-23,0,0,0,0,0,0,0,0.0
92, Austin Ekeler,14,at JAC,W 45-10,8,101,0,5,4,112,1,27.3
93, Melvin Gordon,14,at JAC,W 45-10,12,55,1,5,5,29,0,14.4
94, Derek Watt,14,at JAC,W 45-10,2,4,1,0,0,0,0,6.4
95, Justin Jackson,14,at JAC,W 45-10,3,25,0,0,0,0,0,2.5
96, Austin Ekeler,15,MIN,L 10-39,7,19,0,7,5,62,0,8.1
97, Melvin Gordon,15,MIN,L 10-39,7,28,0,7,5,36,0,6.4
98, Justin Jackson,15,MIN,L 10-39,5,15,0,2,2,2,0,1.7
99, Melvin Gordon,16,LV,L 17-24,9,15,2,7,6,32,0,16.7
100, Austin Ekeler,16,LV,L 17-24,4,11,0,6,5,58,0,6.9
101, Melvin Gordon,17,at KC,L 21-31,14,46,1,7,6,76,0,18.2
102, Austin Ekeler,17,at KC,L 21-31,9,46,0,11,9,43,0,8.9
103, Justin Jackson,17,at KC,L 21-31,1,11,0,0,0,0,0,1.1
104,Dalvin Cook,1,ATL,W 28-12,21,111,2,2,2,9,0,24.0
105, Alexander Mattison,1,ATL,W 28-12,9,49,0,0,0,0,0,4.9
106, Ameer Abdullah,1,ATL,W 28-12,2,8,0,0,0,0,0,0.8
107, Dalvin Cook,2,at GB,L 16-21,20,154,1,3,3,37,0,25.1
108, Alexander Mattison,2,at GB,L 16-21,4,25,0,0,0,0,0,2.5
109, Ameer Abdullah,2,at GB,L 16-21,1,2,0,0,0,0,0,0.2
110, C.J. Ham,2,at GB,L 16-21,0,0,0,2,0,0,0,0.0
111, Dalvin Cook,3,LV,W 34-14,16,110,1,5,4,33,0,20.3
112, Alexander Mattison,3,LV,W 34-14,12,58,1,0,0,0,0,11.8
113, Mike Boone,3,LV,W 34-14,3,28,0,0,0,0,0,2.8
114, Ameer Abdullah,3,LV,W 34-14,0,0,0,1,0,0,0,0.0
115, C.J. Ham,3,LV,W 34-14,0,0,0,2,1,0,0,0.0
116, Dalvin Cook,4,at CHI,L 6-16,14,35,1,8,6,35,0,13.0
117, Ameer Abdullah,4,at CHI,L 6-16,0,0,0,3,2,14,0,1.4
118, Alexander Mattison,4,at CHI,L 6-16,2,5,0,1,1,8,0,1.3
119, C.J. Ham,4,at CHI,L 6-16,0,0,0,4,3,10,0,1.0
120, Dalvin Cook,5,at NYG,W 28-10,21,132,0,6,6,86,0,21.8
121, Alexander Mattison,5,at NYG,W 28-10,7,52,0,0,0,0,0,5.2
122, Ameer Abdullah,5,at NYG,W 28-10,3,24,0,0,0,0,0,2.4
123, C.J. Ham,5,at NYG,W 28-10,0,0,0,1,1,-1,0,-0.1
124, Dalvin Cook,6,PHI,W 38-20,16,41,1,2,2,13,0,11.4
125, Alexander Mattison,6,PHI,W 38-20,14,63,0,0,0,0,0,6.3
126, Dalvin Cook,7,at DET,W 42-30,25,142,2,2,1,7,0,26.9
127, C.J. Ham,7,at DET,W 42-30,1,9,0,1,1,5,1,7.4
128, Alexander Mattison,7,at DET,W 42-30,7,18,0,0,0,0,0,1.8
129, Dalvin Cook,8,WAS,W 19-9,23,98,1,6,5,73,0,23.1
130, Alexander Mattison,8,WAS,W 19-9,13,61,0,2,2,3,0,6.4
131, Dalvin Cook,9,at KC,L 23-26,21,71,0,7,4,45,0,11.6
132, Ameer Abdullah,9,at KC,L 23-26,1,2,0,1,1,16,1,7.8
133, C.J. Ham,9,at KC,L 23-26,0,0,0,4,2,37,0,3.7
134, Alexander Mattison,9,at KC,L 23-26,3,6,0,1,0,0,0,0.6
135, Dalvin Cook,10,at DAL,W 28-24,26,97,1,7,7,86,0,24.3
136, Alexander Mattison,10,at DAL,W 28-24,8,52,0,1,1,2,0,5.4
137, C.J. Ham,10,at DAL,W 28-24,1,-1,0,0,0,0,0,-0.1
138, Dalvin Cook,11,DEN,W 27-23,11,26,1,6,5,31,0,11.7
139, Ameer Abdullah,11,DEN,W 27-23,1,5,0,2,2,11,0,1.6
140, C.J. Ham,11,DEN,W 27-23,1,0,0,1,1,6,0,0.6
141, Alexander Mattison,11,DEN,W 27-23,3,5,0,0,0,0,0,0.5
142, Dalvin Cook,13,at SEA,L 30-37,9,29,1,4,3,35,0,12.4
143, Alexander Mattison,13,at SEA,L 30-37,4,22,0,5,4,51,0,7.3
144, C.J. Ham,13,at SEA,L 30-37,0,0,0,2,2,42,0,4.2
145, Dalvin Cook,14,DET,W 20-7,18,62,1,2,2,13,0,13.5
146, Alexander Mattison,14,DET,W 20-7,14,46,0,2,2,18,0,6.4
147, C.J. Ham,14,DET,W 20-7,1,0,0,1,1,25,0,2.5
148, Mike Boone,14,DET,W 20-7,5,13,0,0,0,0,0,1.3
149, Ameer Abdullah,14,DET,W 20-7,0,0,0,1,1,2,0,0.2
150, Mike Boone,15,at LAC,W 39-10,13,56,2,0,0,0,0,17.6
151, Dalvin Cook,15,at LAC,W 39-10,9,27,0,3,3,16,0,4.3
152, Ameer Abdullah,15,at LAC,W 39-10,5,25,0,2,0,0,0,2.5
153, C.J. Ham,15,at LAC,W 39-10,1,5,0,3,3,13,0,1.8
154, Ameer Abdullah,16,GB,L 10-23,4,27,0,7,6,31,0,5.8
155, Mike Boone,16,GB,L 10-23,11,28,0,1,1,5,0,3.3
156, C.J. Ham,16,GB,L 10-23,0,0,0,4,2,12,0,1.2
157, Mike Boone,17,CHI,L 19-21,17,148,1,3,2,12,0,22.0
158, Ameer Abdullah,17,CHI,L 19-21,6,22,0,4,3,14,0,3.6
159, C.J. Ham,17,CHI,L 19-21,2,4,0,1,0,0,0,0.4
160, Aaron Jones,1,at CHI,W 10-3,13,39,0,1,1,0,0,3.9
161, Jamaal Williams,1,at CHI,W 10-3,5,0,0,2,2,15,0,1.5
162, Aaron Jones,2,MIN,W 21-16,23,116,1,6,4,34,0,21.0
163, Jamaal Williams,2,MIN,W 21-16,9,28,0,4,3,13,1,10.1
164, Aaron Jones,3,DEN,W 27-16,10,19,2,1,1,4,0,14.3
165, Jamaal Williams,3,DEN,W 27-16,12,59,0,2,2,27,0,8.6
166, Dan Vitale,3,DEN,W 27-16,0,0,0,1,1,27,0,2.7
167, Aaron Jones,4,PHI,L 27-34,13,21,1,7,6,37,0,11.8
168, Dan Vitale,4,PHI,L 27-34,1,3,0,3,2,15,0,1.8
169, Jamaal Williams,4,PHI,L 27-34,0,0,0,1,1,0,0,0.0
170, Aaron Jones,5,at DAL,W 34-24,19,107,4,8,7,75,0,42.2
171, Tra Carson,5,at DAL,W 34-24,6,14,0,4,4,18,0,3.2
172, Dan Vitale,5,at DAL,W 34-24,0,0,0,1,1,9,0,0.9
173, Jamaal Williams,6,DET,W 23-22,14,104,0,5,4,32,1,19.6
174, Aaron Jones,6,DET,W 23-22,11,47,0,7,4,13,0,6.0
175, Aaron Jones,7,LV,W 42-24,12,50,0,4,4,33,1,14.3
176, Jamaal Williams,7,LV,W 42-24,3,5,0,5,4,26,1,9.1
177, Dan Vitale,7,LV,W 42-24,0,0,0,2,2,43,0,4.3
178, Dexter Williams,7,LV,W 42-24,3,2,0,0,0,0,0,0.2
179, Aaron Jones,8,at KC,W 31-24,13,67,0,8,7,159,2,34.6
180, Jamaal Williams,8,at KC,W 31-24,7,22,1,3,3,14,1,15.6
181, Jamaal Williams,9,at LAC,L 11-26,2,10,0,6,6,39,1,10.9
182, Aaron Jones,9,at LAC,L 11-26,8,30,0,3,1,-1,0,2.9
183, Aaron Jones,10,CAR,W 24-16,13,93,3,0,0,0,0,27.3
184, Jamaal Williams,10,CAR,W 24-16,13,63,0,1,0,0,0,6.3
185, Dan Vitale,10,CAR,W 24-16,0,0,0,1,0,0,0,0.0
186, Jamaal Williams,12,at SF,L 8-37,11,45,0,8,7,35,0,8.0
187, Aaron Jones,12,at SF,L 8-37,13,38,0,1,0,0,0,3.8
188, Dan Vitale,12,at SF,L 8-37,0,0,0,1,1,3,0,0.3
189, Jamaal Williams,13,at NYG,W 31-13,10,41,0,4,4,26,0,6.7
190, Aaron Jones,13,at NYG,W 31-13,11,18,0,6,4,13,0,3.1
191, Dan Vitale,13,at NYG,W 31-13,0,0,0,1,0,0,0,0.0
192, Aaron Jones,14,WAS,W 20-15,16,134,1,7,6,58,0,25.2
193, Jamaal Williams,14,WAS,W 20-15,7,24,0,1,0,0,0,2.4
194, Dan Vitale,14,WAS,W 20-15,0,0,0,1,0,0,0,0.0
195, Aaron Jones,15,CHI,W 21-13,13,51,2,0,0,0,0,17.1
196, Jamaal Williams,15,CHI,W 21-13,8,26,0,1,1,7,0,3.3
197, Aaron Jones,16,at MIN,W 23-10,23,154,2,3,2,6,0,28.0
198, Jamaal Williams,16,at MIN,W 23-10,6,33,0,2,2,19,0,5.2
199, Tyler Ervin,16,at MIN,W 23-10,0,0,0,1,1,6,0,0.6
200, Dan Vitale,16,at MIN,W 23-10,0,0,0,1,0,0,0,0.0
201, Aaron Jones,17,at DET,W 23-20,25,100,0,6,2,43,0,14.3
202, Tyler Ervin,17,at DET,W 23-20,1,10,0,3,1,5,0,1.5
203, Dexter Williams,17,at DET,W 23-20,2,9,0,0,0,0,0,0.9
204, Rex Burkhead,1,PIT,W 33-3,8,44,0,8,5,41,0,8.5
205, James White,1,PIT,W 33-3,4,26,0,7,5,56,0,8.2
206, Sony Michel,1,PIT,W 33-3,15,14,0,0,0,0,0,1.4
207, Brandon Bolden,1,PIT,W 33-3,1,7,0,0,0,0,0,0.7
208, Sony Michel,2,at MIA,W 43-0,21,83,1,0,0,0,0,14.3
209, James White,2,at MIA,W 43-0,3,10,0,4,3,19,1,8.9
210, Rex Burkhead,2,at MIA,W 43-0,5,21,0,2,2,47,0,6.8
211, James Develin,2,at MIA,W 43-0,2,3,0,0,0,0,0,0.3
212, Rex Burkhead,3,NYJ,W 30-14,11,47,1,7,6,22,0,12.9
213, Sony Michel,3,NYJ,W 30-14,9,11,1,1,0,0,0,7.1
214, Brandon Bolden,3,NYJ,W 30-14,2,-2,0,3,2,21,0,1.9
215, Brandon Bolden,4,at BUF,W 16-10,1,4,1,0,0,0,0,6.4
216, Sony Michel,4,at BUF,W 16-10,17,63,0,0,0,0,0,6.3
217, James White,4,at BUF,W 16-10,1,1,0,10,8,57,0,5.8
218, Rex Burkhead,4,at BUF,W 16-10,0,0,0,1,1,7,0,0.7
219, Sony Michel,5,at WAS,W 33-7,16,91,1,3,3,32,0,18.3
220, Brandon Bolden,5,at WAS,W 33-7,5,13,0,1,1,29,1,10.2
221, James White,5,at WAS,W 33-7,6,26,0,9,6,46,0,7.2
222, Jakob Johnson,5,at WAS,W 33-7,0,0,0,2,1,5,0,0.5
223, Sony Michel,6,NYG,W 35-14,22,86,0,3,2,27,0,11.3
224, Brandon Bolden,6,NYG,W 35-14,3,23,1,2,2,22,0,10.5
225, James White,6,NYG,W 35-14,2,-1,0,9,9,46,0,4.5
226, Sony Michel,7,at NYJ,W 33-0,19,42,3,2,1,-8,0,21.4
227, James White,7,at NYJ,W 33-0,5,0,0,8,7,59,0,5.9
228, Brandon Bolden,7,at NYJ,W 33-0,1,2,0,4,4,39,0,4.1
229, Damien Harris,7,at NYJ,W 33-0,4,12,0,0,0,0,0,1.2
230, James White,8,CLE,W 27-13,2,4,0,5,4,75,0,7.9
231, Sony Michel,8,CLE,W 27-13,21,74,0,0,0,0,0,7.4
232, Rex Burkhead,8,CLE,W 27-13,3,4,0,1,1,9,0,1.3
233, Brandon Bolden,8,CLE,W 27-13,0,0,0,1,0,0,0,0.0
234, James White,9,at BAL,L 20-37,9,38,1,3,2,46,0,14.4
235, Rex Burkhead,9,at BAL,L 20-37,4,18,0,2,1,16,0,3.4
236, Sony Michel,9,at BAL,L 20-37,4,18,0,2,1,12,0,3.0
237, Rex Burkhead,11,at PHI,W 17-10,5,14,0,3,2,34,0,4.8
238, Sony Michel,11,at PHI,W 17-10,10,33,0,4,2,11,0,4.4
239, James White,11,at PHI,W 17-10,5,20,0,7,4,16,0,3.6
240, Sony Michel,12,DAL,W 13-9,20,85,0,0,0,0,0,8.5
241, Rex Burkhead,12,DAL,W 13-9,2,3,0,5,2,14,0,1.7
242, Brandon Bolden,12,DAL,W 13-9,1,11,0,0,0,0,0,1.1
243, James White,12,DAL,W 13-9,2,5,0,3,1,-6,0,-0.1
244, James White,13,at HOU,L 22-28,14,79,0,11,8,98,2,29.7
245, Sony Michel,13,at HOU,L 22-28,10,45,0,0,0,0,0,4.5
246, Rex Burkhead,13,at HOU,L 22-28,3,15,0,1,0,0,0,1.5
247, Brandon Bolden,14,KC,L 16-23,1,10,1,0,0,0,0,7.0
248, James White,14,KC,L 16-23,6,33,0,7,5,27,0,6.0
249, Rex Burkhead,14,KC,L 16-23,7,15,0,1,0,0,0,1.5
250, Sony Michel,14,KC,L 16-23,5,8,0,1,1,1,0,0.9
251, James White,15,at CIN,W 34-13,3,13,0,4,3,49,1,12.2
252, Rex Burkhead,15,at CIN,W 34-13,6,53,1,2,2,6,0,11.9
253, Sony Michel,15,at CIN,W 34-13,19,89,0,2,1,14,0,10.3
254, Rex Burkhead,16,BUF,W 24-17,5,20,1,4,4,77,0,15.7
255, Sony Michel,16,BUF,W 24-17,21,96,0,2,1,5,0,10.1
256, James White,16,BUF,W 24-17,3,5,0,5,4,24,0,2.9
257, Sony Michel,17,MIA,L 24-27,18,74,1,0,0,0,0,13.4
258, James White,17,MIA,L 24-27,2,4,0,3,3,33,1,9.7
259, Rex Burkhead,17,MIA,L 24-27,6,48,0,1,1,6,0,5.4
260, Christian McCaffrey,1,LAR,L 27-30,19,128,2,11,10,81,0,32.9
261, Alex Armah,1,LAR,L 27-30,1,1,1,0,0,0,0,6.1
262, Christian McCaffrey,2,TB,L 14-20,16,37,0,6,2,16,0,5.3
263, Christian McCaffrey,3,at ARI,W 38-20,24,153,1,4,3,35,0,24.8
264, Alex Armah,3,at ARI,W 38-20,1,4,0,1,1,2,0,0.6
265, Reggie Bonnafon,3,at ARI,W 38-20,2,5,0,0,0,0,0,0.5
266, Christian McCaffrey,4,at HOU,W 16-10,27,93,1,10,10,86,0,23.9
267, Christian McCaffrey,5,JAC,W 34-27,19,176,2,8,6,61,1,41.7
268, Reggie Bonnafon,5,JAC,W 34-27,5,80,1,0,0,0,0,14.0
269, Alex Armah,5,JAC,W 34-27,0,0,0,1,1,4,0,0.4
270, Christian McCaffrey,6,at TB,W 37-26,22,31,1,5,4,26,1,17.7
271, Alex Armah,6,at TB,W 37-26,2,4,0,0,0,0,0,0.4
272, Christian McCaffrey,8,at SF,L 13-51,14,117,1,5,4,38,0,21.5
273, Jordan Scarlett,8,at SF,L 13-51,4,9,0,0,0,0,0,0.9
274, Reggie Bonnafon,8,at SF,L 13-51,1,4,0,3,1,3,0,0.7
275, Christian McCaffrey,9,TEN,W 30-20,24,146,2,3,3,20,1,34.6
276, Reggie Bonnafon,9,TEN,W 30-20,3,6,0,1,1,7,0,1.3
277, Christian McCaffrey,10,at GB,L 16-24,20,108,1,7,6,33,0,20.1
278, Christian McCaffrey,11,ATL,L 3-29,14,70,0,14,11,121,0,19.1
279, Reggie Bonnafon,11,ATL,L 3-29,0,0,0,3,2,8,0,0.8
280, Christian McCaffrey,12,at NO,L 31-34,22,64,1,9,9,69,1,25.3
281, Alex Armah,12,at NO,L 31-34,1,0,0,0,0,0,0,0.0
282, Christian McCaffrey,13,WAS,L 21-29,14,44,0,13,7,58,0,10.2
283, Alex Armah,13,WAS,L 21-29,1,2,0,0,0,0,0,0.2
284, Christian McCaffrey,14,at ATL,L 20-40,11,53,0,12,11,82,0,13.5
285, Reggie Bonnafon,14,at ATL,L 20-40,1,6,0,0,0,0,0,0.6
286, Christian McCaffrey,15,SEA,L 24-30,19,87,2,10,8,88,0,29.5
287, Christian McCaffrey,16,at IND,L 6-38,13,54,0,15,15,119,0,17.3
288, Reggie Bonnafon,16,at IND,L 6-38,2,12,0,0,0,0,0,1.2
289, Christian McCaffrey,17,NO,L 10-42,9,26,1,10,7,72,0,15.8
290, Reggie Bonnafon,17,NO,L 10-42,2,3,0,2,2,39,0,4.2
291, Mike Davis,17,NO,L 10-42,2,2,0,0,0,0,0,0.2
292,Darren Sproles,1,WAS,W 32-27,9,47,0,3,3,16,0,6.3
293, Jordan Howard,1,WAS,W 32-27,6,44,0,3,2,11,0,5.5
294, Miles Sanders,1,WAS,W 32-27,11,25,0,2,1,2,0,2.7
295, Miles Sanders,2,at ATL,L 20-24,10,28,0,4,3,9,0,3.7
296, Jordan Howard,2,at ATL,L 20-24,8,18,0,1,1,8,0,2.6
297, Darren Sproles,2,at ATL,L 20-24,0,0,0,3,2,5,0,0.5
298, Corey Clement,2,at ATL,L 20-24,0,0,0,0,0,0,0,0.0
299, Miles Sanders,3,DET,L 24-27,13,53,0,4,2,73,0,12.6
300, Jordan Howard,3,DET,L 24-27,11,37,1,1,0,0,0,9.7
301, Darren Sproles,3,DET,L 24-27,2,4,0,1,0,0,0,0.4
302, Jordan Howard,4,at GB,W 34-27,15,87,2,4,3,28,1,29.5
303, Miles Sanders,4,at GB,W 34-27,11,72,0,0,0,0,0,7.2
304, Darren Sproles,4,at GB,W 34-27,1,4,0,0,0,0,0,0.4
305, Jordan Howard,5,NYJ,W 31-6,13,62,1,0,0,0,0,12.2
306, Miles Sanders,5,NYJ,W 31-6,9,15,0,5,4,49,0,6.4
307, Darren Sproles,5,NYJ,W 31-6,3,4,0,1,0,0,0,0.4
308, Corey Clement,5,NYJ,W 31-6,0,0,0,0,0,0,0,0.0
309, Miles Sanders,6,at MIN,L 20-38,3,6,0,3,3,86,1,15.2
310, Jordan Howard,6,at MIN,L 20-38,13,49,0,0,0,0,0,4.9
311, Boston Scott,6,at MIN,L 20-38,4,30,0,0,0,0,0,3.0
312, Jordan Howard,7,at DAL,L 10-37,11,50,0,2,2,6,0,5.6
313, Boston Scott,7,at DAL,L 10-37,7,32,0,1,1,5,0,3.7
314, Miles Sanders,7,at DAL,L 10-37,6,21,0,3,3,11,0,3.2
315, Miles Sanders,8,at BUF,W 31-13,3,74,1,3,3,44,0,17.8
316, Jordan Howard,8,at BUF,W 31-13,23,96,1,2,1,15,0,17.1
317, Boston Scott,8,at BUF,W 31-13,5,6,1,0,0,0,0,6.6
318, Jordan Howard,9,CHI,W 22-14,19,82,1,1,1,1,0,14.3
319, Miles Sanders,9,CHI,W 22-14,10,42,0,3,3,31,0,7.3
320, Darren Sproles,9,CHI,W 22-14,2,7,0,2,1,3,0,1.0
321, Miles Sanders,11,NE,L 10-17,11,38,0,4,2,9,0,4.7
322, Boston Scott,11,NE,L 10-17,7,26,0,0,0,0,0,2.6
323, Miles Sanders,12,SEA,L 9-17,12,63,0,5,3,23,0,8.6
324, Jay Ajayi,12,SEA,L 9-17,6,16,0,0,0,0,0,1.6
325, Miles Sanders,13,at MIA,L 31-37,17,83,0,5,5,22,1,16.5
326, Jay Ajayi,13,at MIA,L 31-37,2,9,0,0,0,0,0,0.9
327, Boston Scott,14,NYG,W 23-17,10,59,1,6,6,69,0,18.8
328, Miles Sanders,14,NYG,W 23-17,15,45,0,5,4,24,0,6.9
329, Jay Ajayi,14,NYG,W 23-17,2,5,0,1,0,0,0,0.5
330, Miles Sanders,15,at WAS,W 37-27,19,122,1,6,6,50,1,29.2
331, Boston Scott,15,at WAS,W 37-27,6,26,0,7,7,39,0,6.5
332, Miles Sanders,16,DAL,W 17-9,20,79,1,6,5,77,0,21.6
333, Boston Scott,16,DAL,W 17-9,3,12,0,6,6,7,0,1.9
334, Boston Scott,17,at NYG,W 34-17,19,54,3,6,4,84,0,31.8
335, Miles Sanders,17,at NYG,W 34-17,9,52,0,5,3,-1,0,5.1
336, Mark Ingram,1,at MIA,W 59-10,14,107,2,0,0,0,0,22.7
337, Patrick Ricard,1,at MIA,W 59-10,0,0,0,1,1,1,1,6.1
338, Gus Edwards,1,at MIA,W 59-10,17,56,0,0,0,0,0,5.6
339, Justice Hill,1,at MIA,W 59-10,7,27,0,0,0,0,0,2.7
340, Mark Ingram,2,ARI,W 23-17,13,47,0,2,2,30,0,7.7
341, Justice Hill,2,ARI,W 23-17,1,4,0,2,1,10,0,1.4
342, Gus Edwards,2,ARI,W 23-17,3,11,0,0,0,0,0,1.1
343, Patrick Ricard,2,ARI,W 23-17,0,0,0,1,1,3,0,0.3
344, Mark Ingram,3,at KC,L 28-33,16,103,3,4,4,32,0,31.5
345, Gus Edwards,3,at KC,L 28-33,7,53,0,2,2,15,0,6.8
346, Justice Hill,3,at KC,L 28-33,1,1,0,3,0,0,0,0.1
347, Mark Ingram,4,CLE,L 25-40,12,71,0,1,1,0,0,7.1
348, Gus Edwards,4,CLE,L 25-40,6,28,0,1,1,8,0,3.6
349, Justice Hill,4,CLE,L 25-40,2,8,0,2,2,9,0,1.7
350, Mark Ingram,5,at PIT,W 26-23,19,44,1,2,2,5,0,10.9
351, Gus Edwards,5,at PIT,W 26-23,5,17,0,1,1,6,0,2.3
352, Justice Hill,5,at PIT,W 26-23,2,7,0,0,0,0,0,0.7
353, Mark Ingram,6,CIN,W 23-17,13,52,1,2,2,22,0,13.4
354, Gus Edwards,6,CIN,W 23-17,6,34,0,0,0,0,0,3.4
355, Justice Hill,6,CIN,W 23-17,5,31,0,0,0,0,0,3.1
356, Patrick Ricard,6,CIN,W 23-17,0,0,0,1,1,6,0,0.6
357, Mark Ingram,7,at SEA,W 30-16,12,46,0,1,1,7,0,5.3
358, Gus Edwards,7,at SEA,W 30-16,8,35,0,0,0,0,0,3.5
359, Mark Ingram,9,NE,W 37-20,15,115,0,3,2,29,0,14.4
360, Gus Edwards,9,NE,W 37-20,7,27,1,0,0,0,0,8.7
361, Patrick Ricard,9,NE,W 37-20,0,0,0,1,1,8,0,0.8
362, Justice Hill,9,NE,W 37-20,3,7,0,1,0,0,0,0.7
363, Mark Ingram,10,at CIN,W 49-13,9,34,1,0,0,0,0,9.4
364, Gus Edwards,10,at CIN,W 49-13,4,17,0,0,0,0,0,1.7
365, Justice Hill,10,at CIN,W 49-13,3,11,0,0,0,0,0,1.1
366, Mark Ingram,11,HOU,W 41-7,13,48,0,4,3,37,2,20.5
367, Gus Edwards,11,HOU,W 41-7,8,112,1,0,0,0,0,17.2
368, Justice Hill,11,HOU,W 41-7,5,18,0,1,1,9,0,2.7
369, Patrick Ricard,11,HOU,W 41-7,0,0,0,3,3,27,0,2.7
370, Mark Ingram,12,at LAR,W 45-6,15,111,1,1,1,7,1,23.8
371, Gus Edwards,12,at LAR,W 45-6,14,55,0,0,0,0,0,5.5
372, Justice Hill,12,at LAR,W 45-6,8,27,0,0,0,0,0,2.7
373, Mark Ingram,13,SF,W 20-17,15,59,0,2,2,3,0,6.2
374, Gus Edwards,13,SF,W 20-17,6,15,0,1,1,7,0,2.2
375, Justice Hill,13,SF,W 20-17,1,3,0,0,0,0,0,0.3
376, Patrick Ricard,13,SF,W 20-17,0,0,0,2,1,2,0,0.2
377, Mark Ingram,14,at BUF,W 24-17,15,50,0,3,3,29,0,7.9
378, Gus Edwards,14,at BUF,W 24-17,4,20,0,0,0,0,0,2.0
379, Justice Hill,14,at BUF,W 24-17,3,8,0,0,0,0,0,0.8
380, Mark Ingram,15,NYJ,W 42-21,13,76,1,2,1,10,1,20.6
381, Gus Edwards,15,NYJ,W 42-21,5,35,0,0,0,0,0,3.5
382, Justice Hill,15,NYJ,W 42-21,4,15,0,0,0,0,0,1.5
383, Patrick Ricard,15,NYJ,W 42-21,0,0,0,2,0,0,0,0.0
384, Mark Ingram,16,at CLE,W 31-15,8,55,0,2,2,36,1,15.1
385, Justice Hill,16,at CLE,W 31-15,3,19,1,4,3,32,0,11.1
386, Gus Edwards,16,at CLE,W 31-15,12,66,0,1,1,7,0,7.3
387, Gus Edwards,17,PIT,W 28-10,21,130,0,1,1,2,0,13.2
388, Justice Hill,17,PIT,W 28-10,10,39,1,2,1,10,0,10.9
389, Ezekiel Elliott,1,NYG,W 35-17,13,53,1,2,1,10,0,12.3
390, Tony Pollard,1,NYG,W 35-17,13,24,0,0,0,0,0,2.4
391, Jamize Olawale,1,NYG,W 35-17,0,0,0,1,0,0,0,0.0
392, Ezekiel Elliott,2,at WAS,W 31-21,23,111,1,2,2,9,0,18.0
393, Tony Pollard,2,at WAS,W 31-21,4,22,0,1,1,3,0,2.5
394, Tony Pollard,3,MIA,W 31-6,13,103,1,3,3,25,0,18.8
395, Ezekiel Elliott,3,MIA,W 31-6,19,125,0,3,2,14,0,13.9
396, Ezekiel Elliott,4,at NO,L 10-12,18,35,1,7,6,30,0,12.5
397, Ezekiel Elliott,5,GB,L 24-34,12,62,1,3,2,29,0,15.1
398, Tony Pollard,5,GB,L 24-34,4,19,0,0,0,0,0,1.9
399, Ezekiel Elliott,6,at NYJ,L 22-24,28,105,1,6,5,48,0,21.3
400, Tony Pollard,6,at NYJ,L 22-24,3,13,0,0,0,0,0,1.3
401, Ezekiel Elliott,7,PHI,W 37-10,22,111,1,7,6,36,0,20.7
402, Tony Pollard,7,PHI,W 37-10,8,28,0,0,0,0,0,2.8
403, Ezekiel Elliott,9,at NYG,W 37-18,23,139,0,0,0,0,0,13.9
404, Tony Pollard,9,at NYG,W 37-18,3,21,0,3,1,9,0,3.0
405, Ezekiel Elliott,10,MIN,L 24-28,20,47,0,3,2,16,0,6.3
406, Tony Pollard,10,MIN,L 24-28,1,-4,0,0,0,0,0,-0.4
407, Ezekiel Elliott,11,at DET,W 35-27,16,45,1,3,2,28,1,19.3
408, Tony Pollard,11,at DET,W 35-27,2,12,0,4,4,44,1,11.6
409, Ezekiel Elliott,12,at NE,L 9-13,21,86,0,4,4,40,0,12.6
410, Tony Pollard,12,at NE,L 9-13,4,19,0,4,3,9,0,2.8
411, Ezekiel Elliott,13,BUF,L 15-26,12,71,0,10,7,66,0,13.7
412, Tony Pollard,13,BUF,L 15-26,3,7,0,1,0,0,0,0.7
413, Ezekiel Elliott,14,at CHI,L 24-31,19,81,2,5,2,12,0,21.3
414, Jamize Olawale,14,at CHI,L 24-31,0,0,0,1,0,0,0,0.0
415, Ezekiel Elliott,15,LAR,W 44-21,24,117,2,4,3,43,0,28.0
416, Tony Pollard,15,LAR,W 44-21,12,131,1,2,2,12,0,20.3
417, Ezekiel Elliott,16,at PHI,L 9-17,13,47,0,7,7,37,0,8.4
418, Tony Pollard,16,at PHI,L 9-17,2,0,0,0,0,0,0,0.0
419, Ezekiel Elliott,17,WAS,W 47-16,18,122,1,5,3,2,1,24.4
420, Tony Pollard,17,WAS,W 47-16,14,60,0,2,1,5,0,6.5
421, Derrick Henry,1,at CLE,W 43-13,19,84,1,2,1,75,1,27.9
422, Dion Lewis,1,at CLE,W 43-13,3,7,0,4,3,6,0,1.3
423, Derrick Henry,2,IND,L 17-19,15,82,1,3,2,12,0,15.4
424, Dion Lewis,2,IND,L 17-19,3,9,0,1,1,5,0,1.4
425, Derrick Henry,3,at JAC,L 7-20,17,44,1,2,1,2,0,10.6
426, Dion Lewis,3,at JAC,L 7-20,3,13,0,1,1,7,0,2.0
427, Derrick Henry,4,at ATL,W 24-10,27,100,0,1,1,8,0,10.8
428, Dion Lewis,4,at ATL,W 24-10,4,16,0,5,4,4,0,2.0
429, Derrick Henry,5,BUF,L 7-14,20,78,1,0,0,0,0,13.8
430, Dion Lewis,5,BUF,L 7-14,2,11,0,4,2,19,0,3.0
431, Derrick Henry,6,at DEN,L 0-16,15,28,0,3,1,5,0,3.3
432, Dion Lewis,6,at DEN,L 0-16,1,-1,0,3,3,20,0,1.9
433, Dalyn Dawkins,6,at DEN,L 0-16,2,2,0,0,0,0,0,0.2
434, Derrick Henry,7,LAC,W 23-20,22,90,1,1,1,18,0,16.8
435, Dion Lewis,7,LAC,W 23-20,1,2,0,1,0,0,0,0.2
436, Derrick Henry,8,TB,W 27-23,16,75,0,1,1,8,0,8.3
437, Dion Lewis,8,TB,W 27-23,0,0,0,1,1,2,0,0.2
438, Derrick Henry,9,at CAR,L 20-30,13,63,1,3,3,36,1,21.9
439, Dion Lewis,9,at CAR,L 20-30,4,20,0,5,5,33,0,5.3
440, Derrick Henry,10,KC,W 35-32,23,188,2,2,2,3,0,31.1
441, Derrick Henry,12,JAC,W 42-20,19,159,2,1,1,16,0,29.5
442, Dion Lewis,12,JAC,W 42-20,5,21,0,2,1,24,0,4.5
443, Derrick Henry,13,at IND,W 31-17,26,149,1,3,3,17,0,22.6
444, Dion Lewis,13,at IND,W 31-17,0,0,0,1,1,9,0,0.9
445, Derrick Henry,14,at LV,W 42-21,18,103,2,1,1,6,0,22.9
446, Khari Blasingame,14,at LV,W 42-21,0,0,0,2,2,47,0,4.7
447, Dion Lewis,14,at LV,W 42-21,9,26,0,1,1,5,0,3.1
448, Derrick Henry,15,HOU,L 21-24,21,86,0,1,0,0,0,8.6
449, Dion Lewis,15,HOU,L 21-24,3,10,0,1,1,11,1,8.1
450, Khari Blasingame,15,HOU,L 21-24,0,0,0,1,1,0,0,0.0
451, Dion Lewis,16,NO,L 28-38,15,68,0,2,1,19,0,8.7
452, Dalyn Dawkins,16,NO,L 28-38,9,24,0,1,0,0,0,2.4
453, Khari Blasingame,16,NO,L 28-38,0,0,0,1,0,0,0,0.0
454, Derrick Henry,17,at HOU,W 35-14,32,211,3,0,0,0,0,39.1
455, Khari Blasingame,17,at HOU,W 35-14,0,0,0,1,1,7,0,0.7
456, Dion Lewis,17,at HOU,W 35-14,1,7,0,0,0,0,0,0.7
457,Chris Carson,1,CIN,W 21-20,15,46,1,7,6,34,1,20.0
458, Rashaad Penny,1,CIN,W 21-20,6,18,0,0,0,0,0,1.8
459, Rashaad Penny,2,at PIT,W 28-26,10,62,1,1,1,3,0,12.5
460, Chris Carson,2,at PIT,W 28-26,15,60,0,3,3,27,0,8.7
461, C.J. Prosise,2,at PIT,W 28-26,2,7,0,3,3,13,0,2.0
462, Chris Carson,3,NO,L 27-33,15,52,0,1,1,-2,0,5.0
463, C.J. Prosise,3,NO,L 27-33,4,5,0,5,5,38,0,4.3
464, Chris Carson,4,at ARI,W 27-10,22,104,0,4,4,41,0,14.5
465, C.J. Prosise,4,at ARI,W 27-10,3,4,1,0,0,0,0,6.4
466, Chris Carson,5,LAR,W 30-29,27,118,0,2,1,5,1,18.3
467, Rashaad Penny,5,LAR,W 30-29,6,18,0,2,2,31,0,4.9
468, Chris Carson,6,at CLE,W 32-28,24,124,1,4,4,35,0,21.9
469, C.J. Prosise,6,at CLE,W 32-28,3,8,0,3,1,15,0,2.3
470, Nick Bellore,6,at CLE,W 32-28,0,0,0,1,1,20,0,2.0
471, Chris Carson,7,BAL,L 16-30,21,65,0,5,3,9,0,7.4
472, C.J. Prosise,7,BAL,L 16-30,1,17,0,0,0,0,0,1.7
473, Chris Carson,8,at ATL,W 27-20,20,90,1,1,0,0,0,15.0
474, Rashaad Penny,8,at ATL,W 27-20,8,55,0,0,0,0,0,5.5
475, Chris Carson,9,TB,W 40-34,16,105,0,3,2,28,0,13.3
476, Rashaad Penny,9,TB,W 40-34,4,12,0,1,0,0,0,1.2
477, Chris Carson,10,at SF,W 27-24,25,89,1,4,3,12,0,16.1
478, Rashaad Penny,10,at SF,W 27-24,2,2,0,0,0,0,0,0.2
479, Rashaad Penny,12,at PHI,W 17-9,14,129,1,1,0,0,0,18.9
480, Chris Carson,12,at PHI,W 17-9,8,26,0,4,4,31,0,5.7
481, Rashaad Penny,13,MIN,W 37-30,15,74,1,5,4,33,1,22.7
482, Chris Carson,13,MIN,W 37-30,23,102,1,2,1,7,0,16.9
483, Travis Homer,13,MIN,W 37-30,1,29,0,0,0,0,0,2.9
484, Chris Carson,14,at LAR,L 12-28,15,76,0,4,3,15,0,9.1
485, Rashaad Penny,14,at LAR,L 12-28,0,0,0,1,1,16,0,1.6
486, C.J. Prosise,14,at LAR,L 12-28,1,2,0,0,0,0,0,0.2
487, Chris Carson,15,at CAR,W 30-24,24,133,2,2,1,4,0,25.7
488, C.J. Prosise,15,at CAR,W 30-24,5,15,0,1,1,10,0,2.5
489, Travis Homer,15,at CAR,W 30-24,2,7,0,0,0,0,0,0.7
490, Nick Bellore,16,ARI,L 13-27,0,0,0,1,1,3,1,6.3
491, Chris Carson,16,ARI,L 13-27,8,40,0,1,1,20,0,6.0
492, Travis Homer,16,ARI,L 13-27,5,16,0,8,6,26,0,4.2
493, C.J. Prosise,16,ARI,L 13-27,4,14,0,0,0,0,0,1.4
494, Marshawn Lynch,17,SF,L 21-26,12,34,1,0,0,0,0,9.4
495, Travis Homer,17,SF,L 21-26,10,62,0,5,5,30,0,9.2
496,Nick Chubb,1,TEN,L 13-43,17,75,0,4,3,10,0,8.5
497, Dontrell Hilliard,1,TEN,L 13-43,1,4,1,2,1,14,0,7.8
498, D'Ernest Johnson,1,TEN,L 13-43,1,13,0,2,2,23,0,3.6
499, Nick Chubb,2,at NYJ,W 23-3,18,62,1,4,4,36,0,15.8
500, D'Ernest Johnson,2,at NYJ,W 23-3,3,8,0,4,3,42,0,5.0
501, Nick Chubb,3,LAR,L 13-20,23,96,0,7,4,35,0,13.1
502, Nick Chubb,4,at BAL,W 40-25,20,165,3,4,3,18,0,36.3
503, Dontrell Hilliard,4,at BAL,W 40-25,6,27,1,3,2,27,0,11.4
504, Nick Chubb,5,at SF,L 3-31,16,87,0,1,1,12,0,9.9
505, D'Ernest Johnson,5,at SF,L 3-31,0,0,0,1,1,6,0,0.6
506, Nick Chubb,6,SEA,L 28-32,20,122,2,6,5,17,0,25.9
507, Dontrell Hilliard,6,SEA,L 28-32,0,0,0,3,2,17,0,1.7
508, Nick Chubb,8,at NE,L 13-27,20,131,0,1,1,7,0,13.8
509, Dontrell Hilliard,8,at NE,L 13-27,1,10,0,4,4,24,0,3.4
510, Nick Chubb,9,at DEN,L 19-24,20,65,0,5,4,26,0,9.1
511, Dontrell Hilliard,9,at DEN,L 19-24,5,8,0,2,2,6,0,1.4
512, Nick Chubb,10,BUF,W 19-16,20,116,0,4,2,5,0,12.1
513, Kareem Hunt,10,BUF,W 19-16,4,30,0,9,7,44,0,7.4
514, Nick Chubb,11,PIT,W 21-7,27,92,0,1,0,0,0,9.2
515, Kareem Hunt,11,PIT,W 21-7,6,12,0,8,6,46,0,5.8
516, Nick Chubb,12,MIA,W 41-24,21,106,1,3,3,58,0,22.4
517, Kareem Hunt,12,MIA,W 41-24,8,37,1,3,2,9,0,10.6
518, Kareem Hunt,13,at PIT,L 13-20,7,46,0,5,5,19,1,12.5
519, Nick Chubb,13,at PIT,L 13-20,16,58,0,2,1,21,0,7.9
520, Kareem Hunt,14,CIN,W 27-19,9,28,1,2,2,40,0,12.8
521, Nick Chubb,14,CIN,W 27-19,15,106,0,1,1,11,0,11.7
522, Nick Chubb,15,at ARI,L 24-38,17,127,1,3,3,21,0,20.8
523, Kareem Hunt,15,at ARI,L 24-38,4,14,0,9,8,62,0,7.6
524, Nick Chubb,16,BAL,L 15-31,15,45,0,1,0,0,0,4.5
525, Kareem Hunt,16,BAL,L 15-31,2,8,0,4,4,33,0,4.1
526, Dontrell Hilliard,16,BAL,L 15-31,0,0,0,1,1,4,0,0.4
527, Nick Chubb,17,at CIN,L 23-33,13,41,0,2,1,1,0,4.2
528, Kareem Hunt,17,at CIN,L 23-33,3,4,0,4,3,32,0,3.6
529, Josh Jacobs,1,DEN,W 24-16,23,85,2,1,1,28,0,23.3
530, DeAndre Washington,1,DEN,W 24-16,2,8,0,0,0,0,0,0.8
531, Jalen Richard,1,DEN,W 24-16,1,3,0,0,0,0,0,0.3
532, Josh Jacobs,2,KC,L 10-28,12,99,0,0,0,0,0,9.9
533, DeAndre Washington,2,KC,L 10-28,3,9,0,2,2,26,0,3.5
534, Jalen Richard,2,KC,L 10-28,2,3,0,3,2,2,0,0.5
535, Josh Jacobs,3,at MIN,L 14-34,10,44,0,2,0,0,0,4.4
536, Jalen Richard,3,at MIN,L 14-34,2,15,0,3,3,14,0,2.9
537, DeAndre Washington,3,at MIN,L 14-34,6,22,0,0,0,0,0,2.2
538, Josh Jacobs,4,at IND,W 31-24,17,79,0,2,2,29,0,10.8
539, DeAndre Washington,4,at IND,W 31-24,6,18,0,3,2,8,0,2.6
540, Jalen Richard,4,at IND,W 31-24,4,17,0,1,1,1,0,1.8
541, Alec Ingold,4,at IND,W 31-24,1,1,0,0,0,0,0,0.1
542, Josh Jacobs,5,CHI,W 24-21,26,123,2,3,3,20,0,26.3
543, DeAndre Washington,5,CHI,W 24-21,6,17,1,3,3,19,0,9.6
544, Jalen Richard,5,CHI,W 24-21,2,14,0,2,2,18,0,3.2
545, Alec Ingold,5,CHI,W 24-21,1,3,0,0,0,0,0,0.3
546, Josh Jacobs,7,at GB,L 24-42,21,124,0,3,3,10,0,13.4
547, DeAndre Washington,7,at GB,L 24-42,6,29,0,1,1,12,0,4.1
548, Jalen Richard,7,at GB,L 24-42,2,2,0,1,1,5,0,0.7
549, Josh Jacobs,8,at HOU,L 24-27,15,66,0,2,2,15,0,8.1
550, Jalen Richard,8,at HOU,L 24-27,1,3,0,3,2,24,0,2.7
551, DeAndre Washington,8,at HOU,L 24-27,5,23,0,1,1,4,0,2.7
552, Alec Ingold,8,at HOU,L 24-27,1,2,0,0,0,0,0,0.2
553, Josh Jacobs,9,DET,W 31-24,28,120,2,2,0,0,0,24.0
554, Jalen Richard,9,DET,W 31-24,2,12,0,4,3,56,0,6.8
555, DeAndre Washington,9,DET,W 31-24,3,7,0,1,1,21,0,2.8
556, Alec Ingold,9,DET,W 31-24,1,2,0,0,0,0,0,0.2
557, Josh Jacobs,10,LAC,W 26-24,16,71,1,5,3,30,0,16.1
558, Alec Ingold,10,LAC,W 26-24,1,3,0,1,1,9,1,7.2
559, Jalen Richard,10,LAC,W 26-24,2,0,0,4,4,43,0,4.3
560, DeAndre Washington,10,LAC,W 26-24,1,0,0,2,2,19,0,1.9
561, Josh Jacobs,11,CIN,W 17-10,23,112,0,3,3,12,0,12.4
562, DeAndre Washington,11,CIN,W 17-10,2,-1,0,2,2,14,0,1.3
563, Jalen Richard,11,CIN,W 17-10,2,0,0,1,1,7,0,0.7
564, Alec Ingold,11,CIN,W 17-10,1,3,0,0,0,0,0,0.3
565, Jalen Richard,12,at NYJ,L 3-34,2,4,0,7,6,47,0,5.1
566, Josh Jacobs,12,at NYJ,L 3-34,10,34,0,1,1,2,0,3.6
567, DeAndre Washington,12,at NYJ,L 3-34,6,19,0,1,1,0,0,1.9
568, Alec Ingold,12,at NYJ,L 3-34,1,0,0,0,0,0,0,0.0
569, Josh Jacobs,13,at KC,L 9-40,17,104,0,0,0,0,0,10.4
570, DeAndre Washington,13,at KC,L 9-40,2,5,0,3,3,44,0,4.9
571, Alec Ingold,13,at KC,L 9-40,1,4,0,2,2,13,0,1.7
572, Jalen Richard,13,at KC,L 9-40,1,2,0,2,1,6,0,0.8
573, DeAndre Washington,14,TEN,L 21-42,14,53,1,7,6,43,0,15.6
574, Jalen Richard,14,TEN,L 21-42,7,28,0,3,2,18,0,4.6
575, Alec Ingold,14,TEN,L 21-42,1,-1,0,0,0,0,0,-0.1
576, Josh Jacobs,15,JAC,L 16-20,24,89,0,3,2,20,0,10.9
577, Jalen Richard,15,JAC,L 16-20,1,11,0,3,2,25,0,3.6
578, Alec Ingold,15,JAC,L 16-20,0,0,0,3,3,22,0,2.2
579, DeAndre Washington,15,JAC,L 16-20,6,16,0,3,2,6,0,2.2
580, DeAndre Washington,16,at LAC,W 24-17,23,85,1,3,2,21,0,16.6
581, Jalen Richard,16,at LAC,W 24-17,5,11,0,4,4,18,0,2.9
582, DeAndre Washington,17,at DEN,L 15-16,17,77,0,9,8,55,0,13.2
583, Jalen Richard,17,at DEN,L 15-16,3,20,0,2,2,39,0,5.9
584, Alec Ingold,17,at DEN,L 15-16,1,0,0,0,0,0,0,0.0
585, Marlon Mack,1,at LAC,L 24-30,25,174,1,0,0,0,0,23.4
586, Nyheim Hines,1,at LAC,L 24-30,4,13,0,4,4,4,0,1.7
587, Jordan Wilkins,2,at TEN,W 19-17,5,82,0,1,1,4,0,8.6
588, Marlon Mack,2,at TEN,W 19-17,20,51,0,3,2,12,0,6.3
589, Nyheim Hines,2,at TEN,W 19-17,2,9,0,2,1,5,0,1.4
590, Marlon Mack,3,ATL,W 27-24,16,74,1,3,2,14,0,14.8
591, Nyheim Hines,3,ATL,W 27-24,2,3,0,4,3,26,0,2.9
592, Jordan Wilkins,3,ATL,W 27-24,3,-2,0,0,0,0,0,-0.2
593, Nyheim Hines,4,LV,L 24-31,3,6,0,6,6,39,0,4.5
594, Marlon Mack,4,LV,L 24-31,11,39,0,0,0,0,0,3.9
595, Jordan Wilkins,4,LV,L 24-31,4,17,0,1,1,11,0,2.8
596, Marlon Mack,5,at KC,W 19-13,29,132,0,3,3,16,0,14.8
597, Nyheim Hines,5,at KC,W 19-13,2,-1,0,5,4,46,0,4.5
598, Jordan Wilkins,5,at KC,W 19-13,7,28,0,0,0,0,0,2.8
599, Marlon Mack,7,HOU,W 30-23,18,44,0,3,3,12,0,5.6
600, Nyheim Hines,7,HOU,W 30-23,1,3,0,2,1,13,0,1.6
601, Jordan Wilkins,7,HOU,W 30-23,2,9,0,1,1,6,0,1.5
602, Marlon Mack,8,DEN,W 15-13,19,76,1,1,1,14,0,15.0
603, Nyheim Hines,8,DEN,W 15-13,4,12,0,3,3,34,0,4.6
604, Jordan Wilkins,8,DEN,W 15-13,2,5,0,0,0,0,0,0.5
605, Marlon Mack,9,at PIT,L 24-26,21,89,0,0,0,0,0,8.9
606, Nyheim Hines,9,at PIT,L 24-26,1,7,0,3,1,21,0,2.8
607, Jordan Wilkins,9,at PIT,L 24-26,1,6,0,2,1,6,0,1.2
608, Marlon Mack,10,MIA,L 12-16,19,74,0,1,1,8,0,8.2
609, Nyheim Hines,10,MIA,L 12-16,3,14,0,7,4,30,0,4.4
610, Jordan Wilkins,10,MIA,L 12-16,3,20,0,0,0,0,0,2.0
611, Jonathan Williams,10,MIA,L 12-16,2,1,0,0,0,0,0,0.1
612, Marlon Mack,11,JAC,W 33-13,14,109,1,0,0,0,0,16.9
613, Jonathan Williams,11,JAC,W 33-13,13,116,0,1,1,31,0,14.7
614, Nyheim Hines,11,JAC,W 33-13,3,11,1,4,3,24,0,9.5
615, Jonathan Williams,12,at HOU,L 17-20,26,104,1,3,3,17,0,18.1
616, Nyheim Hines,12,at HOU,L 17-20,9,51,0,3,2,10,0,6.1
617, Nyheim Hines,13,TEN,L 17-31,4,22,1,2,2,18,0,10.0
618, Jordan Wilkins,13,TEN,L 17-31,11,47,0,3,2,9,0,5.6
619, Jonathan Williams,13,TEN,L 17-31,8,14,0,1,1,11,0,2.5
620, Marlon Mack,14,at TB,L 35-38,13,38,1,0,0,0,0,9.8
621, Nyheim Hines,14,at TB,L 35-38,4,1,0,5,4,24,0,2.5
622, Jordan Wilkins,14,at TB,L 35-38,1,1,0,0,0,0,0,0.1
623, Jordan Wilkins,15,at NO,L 7-34,3,10,1,3,1,7,0,7.7
624, Marlon Mack,15,at NO,L 7-34,11,19,0,0,0,0,0,1.9
625, Nyheim Hines,15,at NO,L 7-34,2,10,0,2,2,2,0,1.2
626, Marlon Mack,16,CAR,W 38-6,16,95,1,2,2,6,0,16.1
627, Jordan Wilkins,16,CAR,W 38-6,9,84,1,0,0,0,0,14.4
628, Nyheim Hines,16,CAR,W 38-6,1,4,0,1,1,2,0,0.6
629, Marlon Mack,17,at JAC,L 20-38,15,77,2,1,0,0,0,19.7
630, Nyheim Hines,17,at JAC,L 20-38,7,34,0,5,3,22,0,5.6
631, David Johnson,1,DET,T,18,82,0,7,6,55,1,19.7
632, Chase Edmonds,1,DET,T,1,5,0,1,0,0,0,0.5
633, David Johnson,2,at BAL,L 17-23,7,14,1,1,1,0,0,7.4
634, Chase Edmonds,2,at BAL,L 17-23,1,2,0,2,2,15,0,1.7
635, David Johnson,3,CAR,L 20-38,11,37,0,9,6,28,1,12.5
636, Chase Edmonds,3,CAR,L 20-38,3,15,0,2,1,10,0,2.5
637, David Johnson,4,SEA,L 10-27,11,40,0,11,8,99,0,13.9
638, Chase Edmonds,4,SEA,L 10-27,6,37,0,0,0,0,0,3.7
639, David Johnson,5,at CIN,W 26-23,17,91,0,5,3,65,0,15.6
640, Chase Edmonds,5,at CIN,W 26-23,8,68,1,4,3,18,0,14.6
641, David Johnson,6,ATL,W 34-33,12,34,1,8,6,68,1,22.2
642, Chase Edmonds,6,ATL,W 34-33,5,34,0,2,2,33,1,12.7
643, Chase Edmonds,7,at NYG,W 27-21,27,126,3,4,2,24,0,33.0
644, David Johnson,7,at NYG,W 27-21,1,2,0,0,0,0,0,0.2
645, Chase Edmonds,8,at NO,L 9-31,7,8,0,4,2,5,0,1.3
646, Zach Zenner,8,at NO,L 9-31,1,0,0,1,1,13,0,1.3
647, Kenyan Drake,9,SF,L 25-28,15,110,1,4,4,52,0,22.2
648, Alfred Morris,9,SF,L 25-28,1,4,0,0,0,0,0,0.4
649, Zach Zenner,9,SF,L 25-28,1,-3,0,0,0,0,0,-0.3
650, Kenyan Drake,10,at TB,L 27-30,10,35,0,7,6,6,0,4.1
651, David Johnson,10,at TB,L 27-30,5,2,0,1,1,8,0,1.0
652, Kenyan Drake,11,at SF,L 26-36,16,67,0,7,6,13,0,8.0
653, Kenyan Drake,13,LAR,L 7-34,13,31,0,5,2,20,0,5.1
654, David Johnson,13,LAR,L 7-34,4,15,0,2,2,9,0,2.4
655, David Johnson,14,PIT,L 17-23,3,19,0,2,2,34,1,11.3
656, Kenyan Drake,14,PIT,L 17-23,11,37,0,3,3,30,0,6.7
657, Chase Edmonds,14,PIT,L 17-23,1,9,0,2,0,0,0,0.9
658, Kenyan Drake,15,CLE,W 38-24,22,137,4,1,1,9,0,38.6
659, David Johnson,15,CLE,W 38-24,3,6,0,0,0,0,0,0.6
660, Kenyan Drake,16,at SEA,W 27-13,24,166,2,4,3,18,0,30.4
661, David Johnson,16,at SEA,W 27-13,2,3,0,1,1,4,0,0.7
662, Kenyan Drake,17,at LAR,L 24-31,12,60,1,4,3,23,0,14.3
663, Chase Edmonds,17,at LAR,L 24-31,1,-1,0,0,0,0,0,-0.1
664, Alvin Kamara,1,HOU,W 30-28,13,97,0,8,7,72,0,16.9
665, Latavius Murray,1,HOU,W 30-28,6,43,1,3,2,4,0,10.7
666, Alvin Kamara,2,at LAR,L 9-27,13,45,0,3,1,15,0,6.0
667, Latavius Murray,2,at LAR,L 9-27,5,7,0,1,1,16,0,2.3
668, Zach Line,2,at LAR,L 9-27,0,0,0,1,0,0,0,0.0
669, Alvin Kamara,3,at SEA,W 33-27,16,69,1,10,9,92,1,28.1
670, Latavius Murray,3,at SEA,W 33-27,2,2,0,0,0,0,0,0.2
671, Zach Line,3,at SEA,W 33-27,1,0,0,0,0,0,0,0.0
672, Alvin Kamara,4,DAL,W 12-10,17,69,0,3,3,20,0,8.9
673, Latavius Murray,4,DAL,W 12-10,4,14,0,1,1,6,0,2.0
674, Zach Line,4,DAL,W 12-10,0,0,0,1,1,3,0,0.3
675, Alvin Kamara,5,TB,W 31-24,16,62,0,7,6,42,0,10.4
676, Latavius Murray,5,TB,W 31-24,7,28,0,2,2,6,0,3.4
677, Latavius Murray,6,at JAC,W 13-6,8,44,0,3,3,35,0,7.9
678, Alvin Kamara,6,at JAC,W 13-6,11,31,0,8,7,35,0,6.6
679, Latavius Murray,7,at CHI,W 36-25,27,119,2,6,5,31,0,27.0
680, Zach Line,7,at CHI,W 36-25,1,3,0,3,1,12,0,1.5
681, Zach Zenner,7,at CHI,W 36-25,1,1,0,2,1,6,0,0.7
682, Dwayne Washington,7,at CHI,W 36-25,0,0,0,1,1,6,0,0.6
683, Latavius Murray,8,ARI,W 31-9,21,102,1,12,9,55,1,27.7
684, Dwayne Washington,8,ARI,W 31-9,3,38,0,0,0,0,0,3.8
685, Zach Line,8,ARI,W 31-9,2,8,0,2,1,11,0,1.9
686, Alvin Kamara,10,ATL,L 9-26,4,24,0,10,8,50,0,7.4
687, Latavius Murray,10,ATL,L 9-26,5,12,0,2,2,7,0,1.9
688, Zach Line,10,ATL,L 9-26,0,0,0,2,2,5,0,0.5
689, Alvin Kamara,11,at TB,W 34-17,13,75,0,10,10,47,0,12.2
690, Latavius Murray,11,at TB,W 34-17,10,27,0,3,2,5,0,3.2
691, Zach Line,11,at TB,W 34-17,1,5,0,1,1,5,0,1.0
692, Latavius Murray,12,CAR,W 34-31,7,64,1,0,0,0,0,12.4
693, Alvin Kamara,12,CAR,W 34-31,11,54,0,9,9,48,0,10.2
694, Alvin Kamara,13,at ATL,W 26-18,11,61,0,8,4,23,0,8.4
695, Latavius Murray,13,at ATL,W 26-18,4,2,0,0,0,0,0,0.2
696, Latavius Murray,14,SF,L 46-48,7,69,0,3,2,25,0,9.4
697, Alvin Kamara,14,SF,L 46-48,13,25,0,6,4,18,0,4.3
698, Alvin Kamara,15,IND,W 34-7,14,66,0,5,5,23,0,8.9
699, Latavius Murray,15,IND,W 34-7,9,29,0,3,2,20,0,4.9
700, Dwayne Washington,15,IND,W 34-7,3,20,0,0,0,0,0,2.0
701, Zach Line,15,IND,W 34-7,2,4,0,0,0,0,0,0.4
702, Alvin Kamara,16,at TEN,W 38-28,11,80,2,7,6,30,0,23.0
703, Latavius Murray,16,at TEN,W 38-28,7,14,0,3,2,11,0,2.5
704, Alvin Kamara,17,at CAR,W 42-10,8,39,2,3,2,18,0,17.7
705, Latavius Murray,17,at CAR,W 42-10,17,61,0,1,1,14,0,7.5
706, Ricky Ortiz,17,at CAR,W 42-10,0,0,0,1,1,8,0,0.8
707, Dwayne Washington,17,at CAR,W 42-10,2,2,0,0,0,0,0,0.2
708, Damien Williams,1,at JAC,W 40-26,13,26,1,6,6,39,0,12.5
709, LeSean McCoy,1,at JAC,W 40-26,10,81,0,1,1,12,0,9.3
710, Anthony Sherman,1,at JAC,W 40-26,0,0,0,1,1,15,0,1.5
711, Darwin Thompson,1,at JAC,W 40-26,0,0,0,1,1,3,0,0.3
712, Damien Williams,2,at LV,W 28-10,9,8,0,5,3,48,0,5.6
713, LeSean McCoy,2,at LV,W 28-10,11,23,0,3,3,0,0,2.3
714, Darwin Thompson,2,at LV,W 28-10,1,1,0,0,0,0,0,0.1
715, LeSean McCoy,3,BAL,W 33-28,8,54,1,3,3,26,1,20.0
716, Darrel Williams,3,BAL,W 33-28,9,62,0,5,5,47,0,10.9
717, Darwin Thompson,3,BAL,W 33-28,3,8,0,0,0,0,0,0.8
718, Darrel Williams,4,at DET,W 34-30,8,13,2,4,3,43,0,17.6
719, LeSean McCoy,4,at DET,W 34-30,11,56,1,4,2,33,0,14.9
720, Damien Williams,5,IND,L 13-19,9,23,0,4,3,15,0,3.8
721, LeSean McCoy,5,IND,L 13-19,0,0,0,2,2,23,0,2.3
722, Anthony Sherman,5,IND,L 13-19,1,2,0,1,0,0,0,0.2
723, Damien Williams,6,HOU,L 24-31,1,6,0,1,1,14,1,8.0
724, Darrel Williams,6,HOU,L 24-31,0,0,0,2,1,52,0,5.2
725, LeSean McCoy,6,HOU,L 24-31,8,44,0,2,2,0,0,4.4
726, LeSean McCoy,7,at DEN,W 30-6,12,64,0,2,2,12,0,7.6
727, Anthony Sherman,7,at DEN,W 30-6,2,7,0,0,0,0,0,0.7
728, Damien Williams,7,at DEN,W 30-6,9,7,0,3,2,-1,0,0.6
729, Darrel Williams,7,at DEN,W 30-6,2,1,0,2,2,5,0,0.6
730, Damien Williams,8,GB,L 24-31,7,30,1,0,0,0,0,9.0
731, LeSean McCoy,8,GB,L 24-31,9,40,0,4,4,23,0,6.3
732, Darrel Williams,8,GB,L 24-31,2,10,0,0,0,0,0,1.0
733, Darwin Thompson,8,GB,L 24-31,0,0,0,1,1,-1,0,-0.1
734, Damien Williams,9,MIN,W 26-23,12,125,1,2,2,3,0,18.8
735, LeSean McCoy,9,MIN,W 26-23,3,9,0,1,1,0,0,0.9
736, Darrel Williams,9,MIN,W 26-23,1,1,0,0,0,0,0,0.1
737, Damien Williams,10,at TEN,L 32-35,19,77,0,5,5,32,0,10.9
738, Darrel Williams,10,at TEN,L 32-35,2,6,0,1,1,9,0,1.5
739, Darwin Thompson,10,at TEN,L 32-35,1,-1,0,1,1,8,0,0.7
740, LeSean McCoy,11,at LAC,W 24-17,7,29,1,6,4,28,0,11.7
741, Darrel Williams,11,at LAC,W 24-17,11,35,1,3,2,8,0,10.3
742, Damien Williams,11,at LAC,W 24-17,4,7,0,1,1,6,0,1.3
743, Darwin Thompson,13,LV,W 40-9,11,44,1,0,0,0,0,10.4
744, LeSean McCoy,13,LV,W 40-9,5,10,1,3,3,20,0,9.0
745, Darrel Williams,13,LV,W 40-9,6,13,0,2,1,3,1,7.6
746, Anthony Sherman,13,LV,W 40-9,1,0,0,1,1,7,0,0.7
747, Darwin Thompson,14,at NE,W 23-16,4,7,0,5,4,36,0,4.3
748, LeSean McCoy,14,at NE,W 23-16,11,39,0,3,1,4,0,4.3
749, Spencer Ware,14,at NE,W 23-16,5,11,0,2,1,-9,0,0.2
750, Darwin Thompson,15,DEN,W 23-3,8,38,0,1,1,1,0,3.9
751, Spencer Ware,15,DEN,W 23-3,7,26,0,2,2,9,0,3.5
752, LeSean McCoy,15,DEN,W 23-3,6,16,0,0,0,0,0,1.6
753, Damien Williams,16,at CHI,W 26-3,16,65,0,3,3,27,1,15.2
754, Spencer Ware,16,at CHI,W 26-3,5,14,0,3,2,22,0,3.6
755, Darwin Thompson,16,at CHI,W 26-3,5,14,0,0,0,0,0,1.4
756, Damien Williams,17,LAC,W 31-21,12,124,2,7,4,30,0,27.4
757, Darwin Thompson,17,LAC,W 31-21,4,17,0,1,1,-4,0,1.3
758,Ronald Jones,1,SF,L 17-31,13,75,0,1,1,18,0,9.3
759, Peyton Barber,1,SF,L 17-31,8,33,0,4,2,12,0,4.5
760, Dare Ogunbowale,1,SF,L 17-31,0,0,0,5,4,33,0,3.3
761, Peyton Barber,2,at CAR,W 20-14,23,82,1,1,1,7,0,14.9
762, Dare Ogunbowale,2,at CAR,W 20-14,0,0,0,1,1,9,0,0.9
763, Ronald Jones,2,at CAR,W 20-14,4,9,0,0,0,0,0,0.9
764, Ronald Jones,3,NYG,L 31-32,14,80,0,1,1,41,0,12.1
765, Peyton Barber,3,NYG,L 31-32,13,48,0,2,2,7,0,5.5
766, Dare Ogunbowale,3,NYG,L 31-32,0,0,0,3,3,23,0,2.3
767, Ronald Jones,4,at LAR,W 55-40,19,70,1,1,1,12,0,14.2
768, Peyton Barber,4,at LAR,W 55-40,9,19,1,1,0,0,0,7.9
769, Dare Ogunbowale,4,at LAR,W 55-40,1,0,0,4,3,16,0,1.6
770, Peyton Barber,5,at NO,L 24-31,8,32,1,1,1,-1,0,9.1
771, Ronald Jones,5,at NO,L 24-31,9,35,0,3,2,21,0,5.6
772, Dare Ogunbowale,5,at NO,L 24-31,1,-4,0,3,2,27,0,2.3
773, Dare Ogunbowale,6,CAR,L 26-37,1,3,1,5,3,22,0,8.5
774, Ronald Jones,6,CAR,L 26-37,4,10,1,0,0,0,0,7.0
775, Peyton Barber,6,CAR,L 26-37,8,28,0,0,0,0,0,2.8
776, Ronald Jones,8,at TEN,L 23-27,11,35,0,3,1,17,0,5.2
777, Peyton Barber,8,at TEN,L 23-27,10,20,0,3,1,8,0,2.8
778, Dare Ogunbowale,8,at TEN,L 23-27,1,-2,0,3,1,3,0,0.1
779, Ronald Jones,9,at SEA,L 34-40,18,67,1,2,2,15,0,14.2
780, Dare Ogunbowale,9,at SEA,L 34-40,1,1,1,1,1,12,0,7.3
781, Peyton Barber,9,at SEA,L 34-40,4,15,0,0,0,0,0,1.5
782, Ronald Jones,10,ARI,W 30-27,11,29,1,8,8,77,0,16.6
783, Peyton Barber,10,ARI,W 30-27,11,43,1,1,1,4,0,10.7
784, Dare Ogunbowale,10,ARI,W 30-27,0,0,0,3,3,24,0,2.4
785, Peyton Barber,11,NO,L 17-34,0,0,0,2,2,11,1,7.1
786, Ronald Jones,11,NO,L 17-34,4,13,0,4,2,1,0,1.4
787, Dare Ogunbowale,11,NO,L 17-34,2,0,0,4,3,10,0,1.0
788, Ronald Jones,12,at ATL,W 35-22,12,51,1,3,3,16,0,12.7
789, Peyton Barber,12,at ATL,W 35-22,11,32,0,1,0,0,0,3.2
790, Dare Ogunbowale,12,at ATL,W 35-22,1,12,0,1,0,0,0,1.2
791, Peyton Barber,13,at JAC,W 28-11,17,44,2,0,0,0,0,16.4
792, Dare Ogunbowale,13,at JAC,W 28-11,1,0,0,2,2,12,0,1.2
793, Ronald Jones,13,at JAC,W 28-11,6,8,0,0,0,0,0,0.8
794, Ronald Jones,14,IND,W 38-35,11,36,0,5,4,23,0,5.9
795, Peyton Barber,14,IND,W 38-35,11,34,0,2,2,19,0,5.3
796, Dare Ogunbowale,14,IND,W 38-35,0,0,0,5,5,48,0,4.8
797, Ronald Jones,15,at DET,W 38-17,11,23,0,3,1,26,0,4.9
798, Peyton Barber,15,at DET,W 38-17,10,17,0,2,2,23,0,4.0
799, Dare Ogunbowale,15,at DET,W 38-17,1,3,0,1,1,13,0,1.6
800, Ronald Jones,16,HOU,L 20-23,14,77,1,4,3,32,0,16.9
801, Dare Ogunbowale,16,HOU,L 20-23,0,0,0,5,3,34,0,3.4
802, Peyton Barber,16,HOU,L 20-23,5,13,0,0,0,0,0,1.3
803, Ronald Jones,17,ATL,L 22-28,11,106,0,2,2,10,0,11.6
804, Peyton Barber,17,ATL,L 22-28,6,10,0,4,2,25,0,3.5
805, Dare Ogunbowale,17,ATL,L 22-28,1,4,0,0,0,0,0,0.4
806, Phillip Lindsay,1,at LV,L 16-24,11,43,0,6,4,23,0,6.6
807, Royce Freeman,1,at LV,L 16-24,10,56,0,1,1,5,0,6.1
808, Royce Freeman,2,CHI,L 14-16,11,54,0,7,5,48,0,10.2
809, Phillip Lindsay,2,CHI,L 14-16,13,36,0,7,4,30,0,6.6
810, Phillip Lindsay,3,at GB,L 16-27,21,81,2,5,4,49,0,25.0
811, Royce Freeman,3,at GB,L 16-27,15,63,0,5,4,10,0,7.3
812, Phillip Lindsay,4,JAC,L 24-26,9,53,0,1,1,7,0,6.0
813, Royce Freeman,4,JAC,L 24-26,6,16,0,6,4,34,0,5.0
814, Phillip Lindsay,5,at LAC,W 20-13,15,114,1,4,4,33,0,20.7
815, Royce Freeman,5,at LAC,W 20-13,13,61,0,2,2,6,0,6.7
816, Phillip Lindsay,6,TEN,W 16-0,15,70,1,3,2,5,0,13.5
817, Royce Freeman,6,TEN,W 16-0,11,34,0,5,5,42,0,7.6
818, Andy Janovich,6,TEN,W 16-0,0,0,0,1,1,8,0,0.8
819, Royce Freeman,7,KC,L 6-30,10,35,1,5,4,32,0,12.7
820, Phillip Lindsay,7,KC,L 6-30,11,36,0,1,1,-4,0,3.2
821, Andy Janovich,7,KC,L 6-30,0,0,0,1,1,22,0,2.2
822, Royce Freeman,8,at IND,L 13-15,12,40,1,2,1,5,0,10.5
823, Phillip Lindsay,8,at IND,L 13-15,14,59,0,5,5,17,0,7.6
824, Andy Janovich,8,at IND,L 13-15,0,0,0,2,2,9,0,0.9
825, Phillip Lindsay,9,CLE,W 24-19,9,92,1,0,0,0,0,15.2
826, Royce Freeman,9,CLE,W 24-19,5,15,0,1,1,-1,0,1.4
827, Devontae Booker,9,CLE,W 24-19,0,0,0,1,1,14,0,1.4
828, Phillip Lindsay,11,at MIN,L 23-27,16,67,0,2,2,8,0,7.5
829, Andy Janovich,11,at MIN,L 23-27,1,1,1,1,1,3,0,6.4
830, Royce Freeman,11,at MIN,L 23-27,8,31,0,1,1,14,0,4.5
831, Devontae Booker,11,at MIN,L 23-27,1,4,0,2,0,0,0,0.4
832, Phillip Lindsay,12,at BUF,L 3-20,13,57,0,3,1,11,0,6.8
833, Royce Freeman,12,at BUF,L 3-20,2,20,0,2,2,9,0,2.9
834, Phillip Lindsay,13,LAC,W 23-20,17,58,0,3,3,4,0,6.2
835, Royce Freeman,13,LAC,W 23-20,5,11,0,4,4,13,0,2.4
836, Phillip Lindsay,14,at HOU,W 38-24,16,51,1,2,2,4,0,11.5
837, Royce Freeman,14,at HOU,W 38-24,8,24,0,2,2,8,1,9.2
838, Devontae Booker,14,at HOU,W 38-24,0,0,0,2,2,24,0,2.4
839, Phillip Lindsay,15,at KC,L 3-23,7,32,0,2,0,0,0,3.2
840, Royce Freeman,15,at KC,L 3-23,5,12,0,4,4,14,0,2.6
841, Devontae Booker,15,at KC,L 3-23,1,5,0,0,0,0,0,0.5
842, Phillip Lindsay,16,DET,W 27-17,19,109,1,3,2,9,0,17.8
843, Royce Freeman,16,DET,W 27-17,9,28,1,2,2,9,0,9.7
844, Devontae Booker,16,DET,W 27-17,0,0,0,2,1,2,0,0.2
845, Phillip Lindsay,17,LV,W 16-15,18,53,0,1,0,0,0,5.3
846, Devontae Booker,17,LV,W 16-15,0,0,0,2,2,17,0,1.7
847, Royce Freeman,17,LV,W 16-15,2,-4,0,1,1,8,0,0.4
848, Malcolm Brown,1,at CAR,W 30-27,11,53,2,0,0,0,0,17.3
849, Todd Gurley,1,at CAR,W 30-27,14,97,0,1,1,4,0,10.1
850, Darrell Henderson,1,at CAR,W 30-27,1,0,0,0,0,0,0,0.0
851, Todd Gurley,2,NO,W 27-9,16,63,1,4,3,4,0,12.7
852, Malcolm Brown,2,NO,W 27-9,6,37,0,1,1,10,0,4.7
853, Todd Gurley,3,at CLE,W 20-13,14,43,0,1,0,0,0,4.3
854, Malcolm Brown,3,at CLE,W 20-13,3,7,0,1,0,0,0,0.7
855, Todd Gurley,4,TB,L 40-55,5,16,2,11,7,54,0,19.0
856, Malcolm Brown,4,TB,L 40-55,5,14,0,1,0,0,0,1.4
857, Todd Gurley,5,at SEA,L 29-30,15,51,2,5,3,6,0,17.7
858, Malcolm Brown,5,at SEA,L 29-30,1,3,0,0,0,0,0,0.3
859, Darrell Henderson,6,SF,L 7-20,6,39,0,2,1,9,0,4.8
860, Malcolm Brown,6,SF,L 7-20,11,40,0,0,0,0,0,4.0
861, Todd Gurley,7,at ATL,W 37-10,18,41,0,1,1,13,1,11.4
862, Darrell Henderson,7,at ATL,W 37-10,11,31,0,1,1,8,0,3.9
863, John Kelly,7,at ATL,W 37-10,3,9,0,0,0,0,0,0.9
864, Todd Gurley,8,CIN,W 24-10,10,44,1,1,0,0,0,10.4
865, Darrell Henderson,8,CIN,W 24-10,11,49,0,3,2,20,0,6.9
866, Todd Gurley,10,at PIT,L 12-17,12,73,0,4,0,0,0,7.3
867, Malcolm Brown,10,at PIT,L 12-17,5,10,0,0,0,0,0,1.0
868, Darrell Henderson,10,at PIT,L 12-17,4,4,0,0,0,0,0,0.4
869, Todd Gurley,11,CHI,W 17-7,25,97,1,3,3,36,0,19.3
870, Malcolm Brown,11,CHI,W 17-7,5,15,1,0,0,0,0,7.5
871, Todd Gurley,12,BAL,L 6-45,6,22,0,3,3,-3,0,1.9
872, Malcolm Brown,12,BAL,L 6-45,1,0,0,0,0,0,0,0.0
873, Todd Gurley,13,at ARI,W 34-7,19,95,1,1,1,20,0,17.5
874, Malcolm Brown,13,at ARI,W 34-7,6,30,0,1,0,0,0,3.0
875, Darrell Henderson,13,at ARI,W 34-7,4,17,0,0,0,0,0,1.7
876, Todd Gurley,14,SEA,W 28-12,23,79,1,4,4,34,0,17.3
877, Malcolm Brown,14,SEA,W 28-12,5,21,1,0,0,0,0,8.1
878, Todd Gurley,15,at DAL,L 21-44,11,20,1,6,3,18,1,15.8
879, Todd Gurley,16,at SF,L 31-34,15,48,2,2,0,0,0,16.8
880, Darrell Henderson,16,at SF,L 31-34,2,7,0,0,0,0,0,0.7
881, Malcolm Brown,16,at SF,L 31-34,1,-1,0,1,0,0,0,-0.1
882, Malcolm Brown,17,ARI,W 31-24,9,26,1,1,1,6,0,9.2
883, Todd Gurley,17,ARI,W 31-24,20,68,0,2,2,21,0,8.9
884, Duke Johnson,1,at NO,L 28-30,9,57,0,5,4,33,0,9.0
885, Carlos Hyde,1,at NO,L 28-30,10,83,0,1,1,2,0,8.5
886, Carlos Hyde,2,JAC,W 13-12,20,90,0,0,0,0,0,9.0
887, Duke Johnson,2,JAC,W 13-12,6,31,0,1,0,0,0,3.1
888, Carlos Hyde,3,at LAC,W 27-20,10,19,1,0,0,0,0,7.9
889, Duke Johnson,3,at LAC,W 27-20,2,2,0,3,2,22,0,2.4
890, Duke Johnson,4,CAR,L 10-16,6,56,0,3,2,22,0,7.8
891, Carlos Hyde,4,CAR,L 10-16,12,58,0,5,4,6,0,6.4
892, Carlos Hyde,5,ATL,W 53-32,21,60,1,1,0,0,0,12.0
893, Duke Johnson,5,ATL,W 53-32,9,59,0,1,1,8,0,6.7
894, Carlos Hyde,6,at KC,W 31-24,26,116,1,1,1,14,0,19.0
895, Duke Johnson,6,at KC,W 31-24,5,34,0,4,2,20,1,11.4
896, Duke Johnson,7,at IND,L 23-30,7,34,0,5,2,22,0,5.6
897, Carlos Hyde,7,at IND,L 23-30,12,35,0,1,0,0,0,3.5
898, Duke Johnson,8,LV,W 27-24,3,1,0,5,4,33,1,9.4
899, Carlos Hyde,8,LV,W 27-24,19,83,0,1,0,0,0,8.3
900, Carlos Hyde,9,at JAC,W 26-3,19,160,0,0,0,0,0,16.0
901, Duke Johnson,9,at JAC,W 26-3,7,13,1,5,5,68,0,14.1
902, Carlos Hyde,11,at BAL,L 7-41,9,65,1,1,0,0,0,12.5
903, Duke Johnson,11,at BAL,L 7-41,6,40,0,2,2,4,0,4.4
904, Buddy Howell,11,at BAL,L 7-41,2,5,0,0,0,0,0,0.5
905, Carlos Hyde,12,IND,W 20-17,16,67,0,0,0,0,0,6.7
906, Duke Johnson,12,IND,W 20-17,5,22,0,1,1,8,0,3.0
907, Duke Johnson,13,NE,W 28-22,9,36,0,6,5,54,1,15.0
908, Carlos Hyde,13,NE,W 28-22,10,17,0,1,1,5,0,2.2
909, Carlos Hyde,14,DEN,L 24-38,14,73,0,3,2,5,0,7.8
910, Duke Johnson,14,DEN,L 24-38,1,5,0,8,6,40,0,4.5
911, Carlos Hyde,15,at TEN,W 24-21,26,104,1,0,0,0,0,16.4
912, Duke Johnson,15,at TEN,W 24-21,2,4,0,3,2,19,0,2.3
913, Carlos Hyde,16,at TB,W 23-20,17,27,1,1,1,10,0,9.7
914, Duke Johnson,16,at TB,W 23-20,2,4,0,4,1,12,0,1.6
915, Duke Johnson,17,TEN,L 14-35,4,12,1,6,5,45,0,11.7
916, Taiwan Jones,17,TEN,L 14-35,9,40,0,1,1,9,0,4.9
917, Carlos Hyde,17,TEN,L 14-35,4,13,0,0,0,0,0,1.3
918, Buddy Howell,17,TEN,L 14-35,3,5,0,0,0,0,0,0.5
919,Ito Smith,1,at MIN,L 12-28,6,31,0,1,1,9,0,4.0
920, Devonta Freeman,1,at MIN,L 12-28,8,19,0,4,3,12,0,3.1
921, Devonta Freeman,2,PHI,W 24-20,11,22,0,4,3,42,0,6.4
922, Ito Smith,2,PHI,W 24-20,4,32,0,3,2,13,0,4.5
923, Devonta Freeman,3,at IND,L 24-27,16,88,0,4,3,7,0,9.5
924, Kenjon Barner,3,at IND,L 24-27,0,0,0,1,1,4,0,0.4
925, Ito Smith,3,at IND,L 24-27,1,0,0,0,0,0,0,0.0
926, Devonta Freeman,4,TEN,L 10-24,12,28,0,9,8,72,0,10.0
927, Ito Smith,4,TEN,L 10-24,2,11,1,4,2,20,0,9.1
928, Devonta Freeman,5,at HOU,L 32-53,11,30,0,5,5,40,1,13.0
929, Ito Smith,5,at HOU,L 32-53,5,19,0,6,6,45,0,6.4
930, Devonta Freeman,6,at ARI,L 33-34,19,88,0,3,3,30,2,23.8
931, Ito Smith,6,at ARI,L 33-34,3,6,0,0,0,0,0,0.6
932, Keith Smith,6,at ARI,L 33-34,1,2,0,0,0,0,0,0.2
933, Devonta Freeman,7,LAR,L 10-37,7,19,0,3,2,6,0,2.5
934, Brian Hill,7,LAR,L 10-37,5,11,0,2,2,14,0,2.5
935, Ito Smith,7,LAR,L 10-37,1,7,0,0,0,0,0,0.7
936, Keith Smith,7,LAR,L 10-37,0,0,0,1,0,0,0,0.0
937, Kenjon Barner,7,LAR,L 10-37,0,0,0,1,0,0,0,0.0
938, Devonta Freeman,8,SEA,L 20-27,13,39,0,8,8,63,0,10.2
939, Brian Hill,8,SEA,L 20-27,3,29,1,0,0,0,0,8.9
940, Kenjon Barner,8,SEA,L 20-27,1,1,0,0,0,0,0,0.1
941, Brian Hill,10,at NO,W 26-9,20,61,0,2,1,10,1,13.1
942, Devonta Freeman,10,at NO,W 26-9,10,38,0,4,3,10,0,4.8
943, Kenjon Barner,10,at NO,W 26-9,1,12,0,0,0,0,0,1.2
944, Qadree Ollison,11,at CAR,W 29-3,4,11,1,1,0,0,0,7.1
945, Brian Hill,11,at CAR,W 29-3,15,30,0,3,1,8,0,3.8
946, Kenjon Barner,11,at CAR,W 29-3,2,15,0,0,0,0,0,1.5
947, Keith Smith,11,at CAR,W 29-3,1,3,0,0,0,0,0,0.3
948, Qadree Ollison,12,TB,L 22-35,8,20,1,1,1,7,0,8.7
949, Brian Hill,12,TB,L 22-35,9,14,0,4,3,13,0,2.7
950, Kenjon Barner,12,TB,L 22-35,0,0,0,2,2,8,0,0.8
951, Devonta Freeman,13,NO,L 18-26,17,51,0,5,4,13,0,6.4
952, Brian Hill,13,NO,L 18-26,4,13,0,3,3,24,0,3.7
953, Kenjon Barner,13,NO,L 18-26,0,0,0,2,2,6,0,0.6
954, Keith Smith,13,NO,L 18-26,2,4,0,1,0,0,0,0.4
955, Devonta Freeman,14,CAR,W 40-20,17,84,1,4,4,10,0,15.4
956, Brian Hill,14,CAR,W 40-20,9,62,1,0,0,0,0,12.2
957, Qadree Ollison,14,CAR,W 40-20,4,6,0,0,0,0,0,0.6
958, Qadree Ollison,15,at SF,W 29-22,1,1,1,0,0,0,0,6.1
959, Devonta Freeman,15,at SF,W 29-22,12,39,0,3,2,16,0,5.5
960, Brian Hill,15,at SF,W 29-22,1,16,0,0,0,0,0,1.6
961, Kenjon Barner,15,at SF,W 29-22,0,0,0,2,1,4,0,0.4
962, Devonta Freeman,16,JAC,W 24-12,13,53,1,10,9,74,1,24.7
963, Brian Hill,16,JAC,W 24-12,7,66,0,0,0,0,0,6.6
964, Qadree Ollison,16,JAC,W 24-12,1,3,1,0,0,0,0,6.3
965, Keith Smith,16,JAC,W 24-12,0,0,0,1,1,13,0,1.3
966, Devonta Freeman,17,at TB,W 28-22,18,58,0,4,2,15,0,7.3
967, Brian Hill,17,at TB,W 28-22,5,21,0,0,0,0,0,2.1
968, Qadree Ollison,17,at TB,W 28-22,4,9,0,0,0,0,0,0.9
969, Keith Smith,17,at TB,W 28-22,1,-1,0,0,0,0,0,-0.1
970, James Conner,1,at NE,L 3-33,10,21,0,4,4,44,0,6.5
971, Jaylen Samuels,1,at NE,L 3-33,2,4,0,2,1,2,0,0.6
972, James Conner,2,SEA,L 26-28,11,33,1,4,3,12,0,10.5
973, Jaylen Samuels,2,SEA,L 26-28,3,18,0,1,1,13,0,3.1
974, Benny Snell,2,SEA,L 26-28,1,23,0,0,0,0,0,2.3
975, James Conner,3,at SF,L 20-24,13,43,0,4,4,14,0,5.7
976, Benny Snell,3,at SF,L 20-24,3,6,0,0,0,0,0,0.6
977, James Conner,4,CIN,W 27-3,10,42,0,8,8,83,1,18.5
978, Jaylen Samuels,4,CIN,W 27-3,10,26,1,8,8,57,0,14.3
979, Benny Snell,4,CIN,W 27-3,2,1,0,1,0,0,0,0.1
980, James Conner,5,BAL,L 23-26,14,55,1,0,0,0,0,11.5
981, Jaylen Samuels,5,BAL,L 23-26,3,2,0,4,3,11,0,1.3
982, James Conner,6,at LAC,W 24-17,16,41,1,7,7,78,1,23.9
983, Benny Snell,6,at LAC,W 24-17,17,75,0,1,1,14,0,8.9
984, James Conner,8,MIA,W 27-14,23,145,1,4,3,5,0,21.0
985, Benny Snell,8,MIA,W 27-14,5,13,0,0,0,0,0,1.3
986, Roosevelt Nix,8,MIA,W 27-14,0,0,0,2,2,4,0,0.4
987, Trey Edmunds,8,MIA,W 27-14,1,0,0,0,0,0,0,0.0
988, Jaylen Samuels,9,IND,W 26-24,8,10,0,13,13,73,0,8.3
989, Trey Edmunds,9,IND,W 26-24,12,73,0,0,0,0,0,7.3
990, Roosevelt Nix,9,IND,W 26-24,0,0,0,1,0,0,0,0.0
991, Tony Brooks-James,9,IND,W 26-24,1,0,0,0,0,0,0,0.0
992, Jaylen Samuels,10,LAR,W 17-12,14,29,0,7,3,11,0,4.0
993, Trey Edmunds,10,LAR,W 17-12,4,1,0,3,2,14,0,1.5
994, Tony Brooks-James,10,LAR,W 17-12,6,11,0,0,0,0,0,1.1
995, Jaylen Samuels,11,at CLE,L 7-21,5,26,0,6,5,19,1,10.5
996, Trey Edmunds,11,at CLE,L 7-21,3,11,0,3,3,27,0,3.8
997, James Conner,11,at CLE,L 7-21,5,10,0,2,1,6,0,1.6
998, Tony Brooks-James,11,at CLE,L 7-21,1,-4,0,0,0,0,0,-0.4
999, Benny Snell,12,at CIN,W 16-10,21,98,0,1,1,5,0,10.3
1000, Kerrith Whyte,12,at CIN,W 16-10,6,43,0,0,0,0,0,4.3
1001, Jaylen Samuels,12,at CIN,W 16-10,2,6,0,3,3,26,0,3.2
1002, Trey Edmunds,12,at CIN,W 16-10,2,7,0,0,0,0,0,0.7
1003, Benny Snell,13,CLE,W 20-13,16,63,1,1,1,4,0,12.7
1004, Jaylen Samuels,13,CLE,W 20-13,7,32,0,2,2,22,0,5.4
1005, Kerrith Whyte,13,CLE,W 20-13,3,10,0,0,0,0,0,1.0
1006, Kerrith Whyte,14,at ARI,W 23-17,5,41,0,1,1,9,0,5.0
1007, Benny Snell,14,at ARI,W 23-17,16,41,0,0,0,0,0,4.1
1008, Jaylen Samuels,14,at ARI,W 23-17,7,16,0,2,2,18,0,3.4
1009, Trey Edmunds,14,at ARI,W 23-17,0,0,0,1,1,7,0,0.7
1010, James Conner,15,BUF,L 10-17,8,42,0,5,4,9,1,11.1
1011, Kerrith Whyte,15,BUF,L 10-17,1,5,0,0,0,0,0,0.5
1012, Jaylen Samuels,15,BUF,L 10-17,2,-1,0,1,1,5,0,0.4
1013, Benny Snell,15,BUF,L 10-17,2,1,0,0,0,0,0,0.1
1014, Jaylen Samuels,16,at NYJ,L 10-16,3,7,0,6,4,32,0,3.9
1015, James Conner,16,at NYJ,L 10-16,6,32,0,0,0,0,0,3.2
1016, Kerrith Whyte,16,at NYJ,L 10-16,6,22,0,0,0,0,0,2.2
1017, Benny Snell,16,at NYJ,L 10-16,7,14,0,0,0,0,0,1.4
1018, Benny Snell,17,at BAL,L 10-28,18,91,1,0,0,0,0,15.1
1019, Jaylen Samuels,17,at BAL,L 10-28,0,0,0,2,1,16,0,1.6
1020, Kerrith Whyte,17,at BAL,L 10-28,3,1,0,0,0,0,0,0.1
1021, Saquon Barkley,1,at DAL,L 17-35,11,120,0,6,4,19,0,13.9
1022, Wayne Gallman,1,at DAL,L 17-35,2,17,1,3,3,24,0,10.1
1023, Elijhaa Penny,1,at DAL,L 17-35,2,3,0,0,0,0,0,0.3
1024, Saquon Barkley,2,BUF,L 14-28,18,107,1,7,3,28,0,19.5
1025, Wayne Gallman,2,BUF,L 14-28,0,0,0,1,0,0,0,0.0
1026, Saquon Barkley,3,at TB,W 32-31,8,10,0,5,4,27,0,3.7
1027, Wayne Gallman,3,at TB,W 32-31,5,13,0,0,0,0,0,1.3
1028, Wayne Gallman,4,WAS,W 24-3,18,63,1,7,6,55,1,23.8
1029, Jonathan Hilliman,4,WAS,W 24-3,10,33,0,0,0,0,0,3.3
1030, Elijhaa Penny,4,WAS,W 24-3,3,12,0,0,0,0,0,1.2
1031, Elijhaa Penny,5,MIN,L 10-28,3,15,0,1,1,9,0,2.4
1032, Jonathan Hilliman,5,MIN,L 10-28,9,20,0,2,1,4,0,2.4
1033, Wayne Gallman,5,MIN,L 10-28,2,14,0,0,0,0,0,1.4
1034, Jonathan Hilliman,6,at NE,L 14-35,11,38,0,2,2,-3,0,3.5
1035, Elijhaa Penny,6,at NE,L 14-35,3,6,0,2,1,0,0,0.6
1036, Saquon Barkley,7,ARI,L 21-27,18,72,1,5,3,8,0,14.0
1037, Saquon Barkley,8,at DET,L 26-31,19,64,0,10,8,79,1,20.3
1038, Wayne Gallman,8,at DET,L 26-31,0,0,0,1,1,20,0,2.0
1039, Elijhaa Penny,8,at DET,L 26-31,1,3,0,0,0,0,0,0.3
1040, Saquon Barkley,9,DAL,L 18-37,14,28,0,8,6,67,0,9.5
1041, Wayne Gallman,9,DAL,L 18-37,0,0,0,1,0,0,0,0.0
1042, Saquon Barkley,10,at NYJ,L 27-34,13,1,0,5,5,30,0,3.1
1043, Wayne Gallman,10,at NYJ,L 27-34,1,2,0,2,1,3,0,0.5
1044, Saquon Barkley,12,at CHI,L 14-19,17,59,0,3,2,1,0,6.0
1045, Wayne Gallman,12,at CHI,L 14-19,1,1,0,0,0,0,0,0.1
1046, Saquon Barkley,13,GB,L 13-31,19,83,0,7,3,32,0,11.5
1047, Javorius Allen,13,GB,L 13-31,1,4,0,0,0,0,0,0.4
1048, Elijhaa Penny,13,GB,L 13-31,2,2,0,1,0,0,0,0.2
1049, Saquon Barkley,14,at PHI,L 17-23,17,66,0,4,3,1,0,6.7
1050, Saquon Barkley,15,MIA,W 36-20,24,112,2,5,4,31,0,26.3
1051, Javorius Allen,15,MIA,W 36-20,8,28,1,0,0,0,0,8.8
1052, Elijhaa Penny,15,MIA,W 36-20,1,-2,0,0,0,0,0,-0.2
1053, Saquon Barkley,16,at WAS,W 41-35,22,189,1,4,4,90,1,39.9
1054, Saquon Barkley,17,PHI,L 17-34,17,92,1,4,3,25,0,17.7
1055, Javorius Allen,17,PHI,L 17-34,1,4,0,2,1,9,0,1.3
1056, Chris Thompson,1,at PHI,L 27-32,3,10,0,10,7,68,0,7.8
1057, Derrius Guice,1,at PHI,L 27-32,10,18,0,3,3,20,0,3.8
1058, Adrian Peterson,2,DAL,L 21-31,10,25,1,2,2,7,0,9.2
1059, Chris Thompson,2,DAL,L 21-31,2,3,0,8,5,48,0,5.1
1060, Wendell Smallwood,2,DAL,L 21-31,1,4,0,2,2,9,0,1.3
1061, Chris Thompson,3,CHI,L 15-31,7,29,0,5,4,79,0,10.8
1062, Adrian Peterson,3,CHI,L 15-31,12,37,0,3,1,-3,0,3.4
1063, Chris Thompson,4,at NYG,L 3-24,4,4,0,5,4,56,0,6.0
1064, Adrian Peterson,4,at NYG,L 3-24,11,28,0,0,0,0,0,2.8
1065, Wendell Smallwood,4,at NYG,L 3-24,0,0,0,1,1,14,0,1.4
1066, Chris Thompson,5,NE,L 7-33,4,21,0,7,5,17,0,3.8
1067, Wendell Smallwood,5,NE,L 7-33,6,27,0,0,0,0,0,2.7
1068, Adrian Peterson,5,NE,L 7-33,7,18,0,0,0,0,0,1.8
1069, Adrian Peterson,6,at MIA,W 17-16,23,118,0,2,2,18,0,13.6
1070, Chris Thompson,6,at MIA,W 17-16,3,12,0,3,2,8,0,2.0
1071, Wendell Smallwood,6,at MIA,W 17-16,1,4,0,0,0,0,0,0.4
1072, Adrian Peterson,7,SF,L 0-9,20,81,0,0,0,0,0,8.1
1073, Wendell Smallwood,7,SF,L 0-9,5,23,0,1,1,18,0,4.1
1074, Adrian Peterson,8,at MIN,L 9-19,14,76,0,2,2,27,0,10.3
1075, Wendell Smallwood,8,at MIN,L 9-19,2,9,0,2,1,11,0,2.0
1076, Adrian Peterson,9,at BUF,L 9-24,18,108,0,1,1,22,0,13.0
1077, Wendell Smallwood,9,at BUF,L 9-24,2,5,0,3,2,-2,0,0.3
1078, Derrius Guice,11,NYJ,L 17-34,7,24,0,2,1,45,1,12.9
1079, Adrian Peterson,11,NYJ,L 17-34,9,25,0,2,2,5,0,3.0
1080, Wendell Smallwood,11,NYJ,L 17-34,0,0,0,3,1,11,0,1.1
1081, Michael Burton,11,NYJ,L 17-34,0,0,0,1,0,0,0,0.0
1082, Adrian Peterson,12,DET,W 19-16,10,27,0,1,1,22,0,4.9
1083, Derrius Guice,12,DET,W 19-16,10,32,0,2,1,6,0,3.8
1084, Wendell Smallwood,12,DET,W 19-16,0,0,0,1,1,3,0,0.3
1085, Derrius Guice,13,at CAR,W 29-21,10,129,2,2,2,8,0,25.7
1086, Adrian Peterson,13,at CAR,W 29-21,13,99,1,1,0,0,0,15.9
1087, Chris Thompson,13,at CAR,W 29-21,3,14,0,2,1,15,0,2.9
1088, Adrian Peterson,14,at GB,L 15-20,20,76,1,0,0,0,0,13.6
1089, Chris Thompson,14,at GB,L 15-20,0,0,0,8,7,43,0,4.3
1090, Derrius Guice,14,at GB,L 15-20,5,42,0,0,0,0,0,4.2
1091, Wendell Smallwood,14,at GB,L 15-20,2,4,0,0,0,0,0,0.4
1092, Adrian Peterson,15,PHI,L 27-37,16,66,1,3,3,25,0,15.1
1093, Chris Thompson,15,PHI,L 27-37,0,0,0,3,2,26,0,2.6
1094, Josh Ferguson,15,PHI,L 27-37,3,9,0,0,0,0,0,0.9
1095, Adrian Peterson,16,NYG,L 35-41,15,36,1,2,2,19,0,11.5
1096, Chris Thompson,16,NYG,L 35-41,8,34,0,4,4,18,0,5.2
1097, Adrian Peterson,17,at DAL,L 16-47,13,78,0,4,1,0,0,7.8
1098, Chris Thompson,17,at DAL,L 16-47,3,11,0,3,1,0,0,1.1
1099, Wendell Smallwood,17,at DAL,L 16-47,3,5,0,0,0,0,0,0.5
1100, Tarik Cohen,1,GB,L 3-10,0,0,0,10,8,49,0,4.9
1101, David Montgomery,1,GB,L 3-10,6,18,0,1,1,27,0,4.5
1102, Mike Davis,1,GB,L 3-10,5,19,0,7,6,17,0,3.6
1103, David Montgomery,2,at DEN,W 16-14,18,62,1,3,1,6,0,12.8
1104, Tarik Cohen,2,at DEN,W 16-14,4,18,0,5,2,7,0,2.5
1105, Mike Davis,2,at DEN,W 16-14,3,1,0,0,0,0,0,0.1
1106, David Montgomery,3,at WAS,W 31-15,13,67,0,3,3,14,0,8.1
1107, Tarik Cohen,3,at WAS,W 31-15,4,-2,0,4,2,26,0,2.4
1108, Mike Davis,3,at WAS,W 31-15,1,2,0,0,0,0,0,0.2
1109, Tarik Cohen,4,MIN,W 16-6,5,11,0,5,2,7,1,7.8
1110, David Montgomery,4,MIN,W 16-6,21,53,0,5,3,14,0,6.7
1111, David Montgomery,5,at LV,L 21-24,11,25,1,1,1,11,0,9.6
1112, Tarik Cohen,5,at LV,L 21-24,4,10,0,7,6,39,0,4.9
1113, Tarik Cohen,7,NO,L 25-36,3,10,0,12,9,19,0,2.9
1114, David Montgomery,7,NO,L 25-36,2,6,0,2,2,13,0,1.9
1115, David Montgomery,8,LAC,L 16-17,27,135,1,5,4,12,0,20.7
1116, Tarik Cohen,8,LAC,L 16-17,4,9,0,3,3,37,0,4.6
1117, Mike Davis,8,LAC,L 16-17,2,3,0,1,1,5,0,0.8
1118, David Montgomery,9,at PHI,L 14-22,14,40,2,4,3,36,0,19.6
1119, Tarik Cohen,9,at PHI,L 14-22,2,7,0,5,2,9,0,1.6
1120, Tarik Cohen,10,DET,W 20-13,3,14,0,4,4,23,1,9.7
1121, David Montgomery,10,DET,W 20-13,17,60,0,0,0,0,0,6.0
1122, Tarik Cohen,11,at LAR,L 7-17,9,39,0,6,5,35,1,13.4
1123, David Montgomery,11,at LAR,L 7-17,14,31,0,3,1,19,0,5.0
1124, Tarik Cohen,12,NYG,W 19-14,6,25,0,9,7,29,0,5.4
1125, David Montgomery,12,NYG,W 19-14,13,22,0,3,2,9,0,3.1
1126, David Montgomery,13,at DET,W 24-20,16,75,0,2,2,12,1,14.7
1127, Tarik Cohen,13,at DET,W 24-20,3,9,0,4,4,26,0,3.5
1128, David Montgomery,14,DAL,W 31-24,20,86,0,1,0,0,0,8.6
1129, Tarik Cohen,14,DAL,W 31-24,3,7,0,6,6,24,0,3.1
1130, Tarik Cohen,15,at GB,L 13-21,8,28,0,10,7,57,0,8.5
1131, David Montgomery,15,at GB,L 13-21,14,39,0,1,1,10,0,4.9
1132, David Montgomery,16,KC,L 3-26,13,57,0,1,1,2,0,5.9
1133, Tarik Cohen,16,KC,L 3-26,2,8,0,4,3,25,0,3.3
1134, David Montgomery,17,at MIN,W 21-19,23,113,1,0,0,0,0,17.3
1135, Tarik Cohen,17,at MIN,W 21-19,4,20,0,10,9,44,0,6.4
1136, Ryan Nall,17,at MIN,W 21-19,2,8,0,0,0,0,0,0.8
1137,Kerryon Johnson,1,at ARI,T,16,49,0,2,2,13,0,6.2
1138, C.J. Anderson,1,at ARI,T,11,35,0,0,0,0,0,3.5
1139, J.D. McKissic,1,at ARI,T,0,0,0,2,2,24,0,2.4
1140, Ty Johnson,1,at ARI,T,1,6,0,0,0,0,0,0.6
1141, Nick Bawden,1,at ARI,T,0,0,0,1,1,0,0,0.0
1142, Kerryon Johnson,2,LAC,W 13-10,12,41,0,3,2,47,1,14.8
1143, Ty Johnson,2,LAC,W 13-10,5,30,0,2,2,6,0,3.6
1144, C.J. Anderson,2,LAC,W 13-10,5,8,0,0,0,0,0,0.8
1145, J.D. McKissic,2,LAC,W 13-10,2,2,0,0,0,0,0,0.2
1146, Kerryon Johnson,3,at PHI,W 27-24,20,36,1,1,1,7,0,10.3
1147, J.D. McKissic,3,at PHI,W 27-24,1,44,0,0,0,0,0,4.4
1148, Nick Bawden,3,at PHI,W 27-24,0,0,0,1,1,10,0,1.0
1149, Ty Johnson,3,at PHI,W 27-24,4,5,0,2,1,0,0,0.5
1150, Kerryon Johnson,4,KC,L 30-34,26,125,0,3,2,32,0,15.7
1151, J.D. McKissic,4,KC,L 30-34,4,30,0,2,1,11,0,4.1
1152, Ty Johnson,4,KC,L 30-34,3,13,0,1,1,1,0,1.4
1153, Nick Bawden,4,KC,L 30-34,0,0,0,2,1,4,0,0.4
1154, Kerryon Johnson,6,at GB,L 22-23,13,34,1,4,2,27,0,12.1
1155, J.D. McKissic,6,at GB,L 22-23,3,4,0,3,2,7,0,1.1
1156, Nick Bawden,6,at GB,L 22-23,0,0,0,1,0,0,0,0.0
1157, J.D. McKissic,7,MIN,L 30-42,5,29,0,3,2,31,0,6.0
1158, Ty Johnson,7,MIN,L 30-42,10,29,0,4,4,28,0,5.7
1159, Kerryon Johnson,7,MIN,L 30-42,5,23,0,1,0,0,0,2.3
1160, Ty Johnson,8,NYG,W 31-26,7,25,0,4,1,13,0,3.8
1161, Tra Carson,8,NYG,W 31-26,12,34,0,0,0,0,0,3.4
1162, Paul Perkins,8,NYG,W 31-26,3,4,0,0,0,0,0,0.4
1163, J.D. McKissic,8,NYG,W 31-26,1,-1,0,3,3,2,0,0.1
1164, J.D. McKissic,9,at LV,L 24-31,4,32,0,4,3,40,1,13.2
1165, Ty Johnson,9,at LV,L 24-31,9,29,0,3,3,7,0,3.6
1166, Paul Perkins,9,at LV,L 24-31,2,16,0,0,0,0,0,1.6
1167, J.D. McKissic,10,at CHI,L 13-20,10,36,0,7,6,19,0,5.5
1168, Ty Johnson,10,at CHI,L 13-20,5,16,0,1,1,3,0,1.9
1169, Paul Perkins,10,at CHI,L 13-20,7,9,0,1,1,9,0,1.8
1170, Nick Bawden,10,at CHI,L 13-20,0,0,0,1,1,3,0,0.3
1171, Bo Scarbrough,11,DAL,L 27-35,14,55,1,0,0,0,0,11.5
1172, J.D. McKissic,11,DAL,L 27-35,3,13,0,4,3,40,0,5.3
1173, Ty Johnson,11,DAL,L 27-35,2,6,0,1,1,0,0,0.6
1174, Bo Scarbrough,12,at WAS,L 16-19,18,98,0,1,0,0,0,9.8
1175, Ty Johnson,12,at WAS,L 16-19,4,11,0,2,2,10,0,2.1
1176, J.D. McKissic,12,at WAS,L 16-19,1,3,0,2,2,17,0,2.0
1177, Bo Scarbrough,13,CHI,L 20-24,21,83,0,0,0,0,0,8.3
1178, Ty Johnson,13,CHI,L 20-24,3,12,0,3,3,17,0,2.9
1179, J.D. McKissic,13,CHI,L 20-24,2,9,0,3,3,15,0,2.4
1180, Bo Scarbrough,14,at MIN,L 7-20,19,65,0,3,1,5,0,7.0
1181, J.D. McKissic,14,at MIN,L 7-20,1,2,0,4,4,16,0,1.8
1182, Ty Johnson,14,at MIN,L 7-20,2,3,0,1,1,7,0,1.0
1183, Wes Hills,15,TB,L 17-38,10,21,2,2,2,1,0,14.2
1184, Ty Johnson,15,TB,L 17-38,2,3,0,5,4,17,0,2.0
1185, J.D. McKissic,15,TB,L 17-38,1,2,0,3,2,7,0,0.9
1186, Kerryon Johnson,16,at DEN,L 17-27,10,42,0,1,1,1,0,4.3
1187, Bo Scarbrough,16,at DEN,L 17-27,8,34,0,0,0,0,0,3.4
1188, Ty Johnson,16,at DEN,L 17-27,3,20,0,0,0,0,0,2.0
1189, Kerryon Johnson,17,GB,L 20-23,11,53,1,0,0,0,0,11.3
1190, Ty Johnson,17,GB,L 20-23,3,65,0,2,0,0,0,6.5
1191, Bo Scarbrough,17,GB,L 20-23,9,42,0,0,0,0,0,4.2
1192, J.D. McKissic,17,GB,L 20-23,0,0,0,2,1,4,0,0.4
1193,Giovani Bernard,1,at SEA,L 20-21,7,21,0,3,2,42,0,6.3
1194, Joe Mixon,1,at SEA,L 20-21,6,10,0,3,2,7,0,1.7
1195, Joe Mixon,2,SF,L 17-41,11,17,0,5,3,10,0,2.7
1196, Giovani Bernard,2,SF,L 17-41,6,6,0,3,1,7,0,1.3
1197, Joe Mixon,3,at BUF,L 17-21,15,60,0,2,2,34,1,15.4
1198, Giovani Bernard,3,at BUF,L 17-21,3,5,0,2,2,7,0,1.2
1199, Joe Mixon,4,at PIT,L 3-27,15,62,0,5,4,1,0,6.3
1200, Giovani Bernard,4,at PIT,L 3-27,1,3,0,6,4,16,0,1.9
1201, Joe Mixon,5,ARI,L 23-26,19,93,0,1,1,16,0,10.9
1202, Giovani Bernard,5,ARI,L 23-26,2,10,0,3,3,16,0,2.6
1203, Joe Mixon,6,at BAL,L 17-23,8,10,0,3,2,29,0,3.9
1204, Giovani Bernard,6,at BAL,L 17-23,4,4,0,3,2,20,0,2.4
1205, Joe Mixon,7,JAC,L 17-27,10,2,0,2,1,2,1,6.4
1206, Giovani Bernard,7,JAC,L 17-27,4,0,0,3,2,4,0,0.4
1207, Joe Mixon,8,at LAR,L 10-24,17,66,0,4,4,11,1,13.7
1208, Giovani Bernard,8,at LAR,L 10-24,3,31,0,2,2,14,0,4.5
1209, Joe Mixon,10,BAL,L 13-49,30,114,0,3,2,37,0,15.1
1210, Giovani Bernard,10,BAL,L 13-49,4,8,0,1,1,0,0,0.8
1211, Joe Mixon,11,at LV,L 10-17,15,86,1,3,1,17,0,16.3
1212, Giovani Bernard,11,at LV,L 10-17,3,30,0,3,1,16,0,4.6
1213, Joe Mixon,12,PIT,L 10-16,18,79,0,0,0,0,0,7.9
1214, Giovani Bernard,12,PIT,L 10-16,1,-1,0,3,3,31,0,3.0
1215, Joe Mixon,13,NYJ,W 22-6,19,44,1,4,4,26,0,13.0
1216, Giovani Bernard,13,NYJ,W 22-6,1,4,0,2,1,8,0,1.2
1217, Joe Mixon,14,at CLE,L 19-27,23,146,1,4,3,40,0,24.6
1218, Giovani Bernard,14,at CLE,L 19-27,4,15,0,3,2,31,0,4.6
1219, Joe Mixon,15,NE,L 13-34,25,136,0,3,3,20,0,15.6
1220, Giovani Bernard,15,NE,L 13-34,5,27,0,2,2,10,0,3.7
1221, Joe Mixon,16,at MIA,L 35-38,21,50,0,2,2,23,0,7.3
1222, Giovani Bernard,16,at MIA,L 35-38,2,3,0,3,2,12,0,1.5
1223, Joe Mixon,17,CLE,W 33-23,26,162,2,1,1,14,0,29.6
1224, Giovani Bernard,17,CLE,W 33-23,3,4,0,1,0,0,0,0.4
1225,Leonard Fournette,1,KC,L 26-40,13,66,0,6,4,28,0,9.4
1226, Ryquell Armstead,1,KC,L 26-40,1,7,0,1,0,0,0,0.7
1227, Leonard Fournette,2,at HOU,L 12-13,15,47,0,6,4,40,0,8.7
1228, Leonard Fournette,3,TEN,W 20-7,15,66,0,8,6,26,0,9.2
1229, Leonard Fournette,4,at DEN,W 26-24,29,225,0,3,2,20,0,24.5
1230, Ryquell Armstead,4,at DEN,W 26-24,8,42,0,1,1,7,1,10.9
1231, Leonard Fournette,5,at CAR,L 27-34,23,108,1,7,4,29,0,19.7
1232, Ryquell Armstead,5,at CAR,L 27-34,1,-1,0,1,1,7,0,0.6
1233, Leonard Fournette,6,NO,L 6-13,20,72,0,6,6,46,0,11.8
1234, Ryquell Armstead,6,NO,L 6-13,1,1,0,0,0,0,0,0.1
1235, Leonard Fournette,7,at CIN,W 27-17,29,131,0,2,2,14,0,14.5
1236, Ryquell Armstead,7,at CIN,W 27-17,3,3,0,1,0,0,0,0.3
1237, Leonard Fournette,8,NYJ,W 29-15,19,76,0,7,7,60,0,13.6
1238, Ryquell Armstead,8,NYJ,W 29-15,6,7,0,0,0,0,0,0.7
1239, Leonard Fournette,9,HOU,L 3-26,11,40,0,6,5,32,0,7.2
1240, Ryquell Armstead,9,HOU,L 3-26,0,0,0,5,5,65,0,6.5
1241, Leonard Fournette,11,at IND,L 13-33,8,23,0,7,7,34,0,5.7
1242, Ryquell Armstead,11,at IND,L 13-33,1,6,0,2,2,13,0,1.9
1243, Leonard Fournette,12,at TEN,L 20-42,24,97,2,12,9,62,0,27.9
1244, Ryquell Armstead,12,at TEN,L 20-42,0,0,0,1,0,0,0,0.0
1245, Leonard Fournette,13,TB,L 11-28,14,38,0,11,9,53,0,9.1
1246, Ryquell Armstead,13,TB,L 11-28,0,0,0,1,0,0,0,0.0
1247, Leonard Fournette,14,LAC,L 10-45,15,50,0,6,3,13,0,6.3
1248, Ryquell Armstead,14,LAC,L 10-45,2,7,0,2,0,0,0,0.7
1249, Leonard Fournette,15,at LV,W 20-16,15,42,0,7,5,31,0,7.3
1250, Ryquell Armstead,15,at LV,W 20-16,1,1,0,0,0,0,0,0.1
1251, Leonard Fournette,16,at ATL,L 12-24,15,71,0,6,3,34,0,10.5
1252, Ryquell Armstead,16,at ATL,L 12-24,1,2,0,0,0,0,0,0.2
1253, Ryquell Armstead,17,IND,W 38-20,10,33,0,9,5,52,1,14.5
1254, Devine Ozigbo,17,IND,W 38-20,9,27,0,5,3,23,0,5.0
1255,Devin Singletary,1,at NYJ,W 17-16,4,70,0,6,5,28,0,9.8
1256, Frank Gore,1,at NYJ,W 17-16,11,20,0,0,0,0,0,2.0
1257, Patrick DiMarco,1,at NYJ,W 17-16,0,0,0,2,2,9,0,0.9
1258, Frank Gore,2,at NYG,W 28-14,19,68,1,2,2,15,0,14.3
1259, Devin Singletary,2,at NYG,W 28-14,6,57,1,0,0,0,0,11.7
1260, Patrick DiMarco,2,at NYG,W 28-14,1,1,0,1,1,3,0,0.4
1261, Frank Gore,3,CIN,W 21-17,14,76,1,2,2,13,0,14.9
1262, T.J. Yeldon,3,CIN,W 21-17,8,30,0,3,2,19,0,4.9
1263, Frank Gore,4,NE,L 10-16,17,109,0,1,0,0,0,10.9
1264, T.J. Yeldon,4,NE,L 10-16,0,0,0,4,4,68,0,6.8
1265, Frank Gore,5,at TEN,W 14-7,14,60,0,2,2,9,0,6.9
1266, T.J. Yeldon,5,at TEN,W 14-7,2,15,0,4,4,13,0,2.8
1267, Frank Gore,7,MIA,W 31-21,11,55,0,1,1,11,0,6.6
1268, Patrick DiMarco,7,MIA,W 31-21,1,4,0,1,1,27,0,3.1
1269, Devin Singletary,7,MIA,W 31-21,7,26,0,0,0,0,0,2.6
1270, Devin Singletary,8,PHI,L 13-31,3,19,0,6,4,30,1,10.9
1271, Frank Gore,8,PHI,L 13-31,9,34,0,0,0,0,0,3.4
1272, Patrick DiMarco,8,PHI,L 13-31,0,0,0,1,0,0,0,0.0
1273, Devin Singletary,9,WAS,W 24-9,20,95,1,4,3,45,0,20.0
1274, Frank Gore,9,WAS,W 24-9,11,15,0,0,0,0,0,1.5
1275, Devin Singletary,10,at CLE,L 16-19,8,42,0,6,3,8,0,5.0
1276, Frank Gore,10,at CLE,L 16-19,5,12,0,1,1,4,0,1.6
1277, Patrick DiMarco,10,at CLE,L 16-19,1,2,0,1,1,2,0,0.4
1278, Devin Singletary,11,at MIA,W 37-20,15,75,0,1,1,4,0,7.9
1279, Frank Gore,11,at MIA,W 37-20,11,27,0,2,1,18,0,4.5
1280, Devin Singletary,12,DEN,W 20-3,21,106,0,2,1,8,0,11.4
1281, Frank Gore,12,DEN,W 20-3,15,65,0,0,0,0,0,6.5
1282, Devin Singletary,13,at DAL,W 26-15,14,63,0,4,3,38,1,16.1
1283, Frank Gore,13,at DAL,W 26-15,9,11,0,1,1,14,0,2.5
1284, Devin Singletary,14,BAL,L 17-24,17,89,0,8,6,29,0,11.8
1285, Frank Gore,14,BAL,L 17-24,4,6,0,0,0,0,0,0.6
1286, Devin Singletary,15,at PIT,W 17-10,21,87,0,3,2,2,0,8.9
1287, Frank Gore,15,at PIT,W 17-10,10,15,0,0,0,0,0,1.5
1288, Patrick DiMarco,15,at PIT,W 17-10,0,0,0,1,0,0,0,0.0
1289, Devin Singletary,16,at NE,L 17-24,15,46,0,1,1,2,0,4.8
1290, T.J. Yeldon,17,NYJ,L 6-13,7,18,0,4,3,24,0,4.2
1291, Frank Gore,17,NYJ,L 6-13,6,26,0,4,3,16,0,4.2
1292, Senorise Perry,17,NYJ,L 6-13,3,3,0,1,1,1,0,0.4
1293,Le'Veon Bell,1,BUF,L 16-17,17,60,0,9,6,32,1,15.2
1294, Ty Montgomery,1,BUF,L 16-17,2,4,0,0,0,0,0,0.4
1295, Le'Veon Bell,2,CLE,L 3-23,21,68,0,10,10,61,0,12.9
1296, Ty Montgomery,2,CLE,L 3-23,3,25,0,3,3,15,0,4.0
1297, Le'Veon Bell,3,at NE,L 14-30,18,35,0,4,4,28,0,6.3
1298, Ty Montgomery,3,at NE,L 14-30,2,1,0,1,0,0,0,0.1
1299, Le'Veon Bell,5,at PHI,L 6-31,15,43,0,9,7,45,0,8.8
1300, Bilal Powell,5,at PHI,L 6-31,1,4,0,0,0,0,0,0.4
1301, Ty Montgomery,5,at PHI,L 6-31,2,1,0,0,0,0,0,0.1
1302, Le'Veon Bell,6,DAL,W 24-22,14,50,1,1,1,3,0,11.3
1303, Ty Montgomery,6,DAL,W 24-22,0,0,0,3,3,17,0,1.7
1304, Bilal Powell,6,DAL,W 24-22,1,5,0,1,0,0,0,0.5
1305, Le'Veon Bell,7,NE,L 0-33,15,70,0,4,1,6,0,7.6
1306, Ty Montgomery,7,NE,L 0-33,2,9,0,1,0,0,0,0.9
1307, Bilal Powell,7,NE,L 0-33,1,3,0,0,0,0,0,0.3
1308, Le'Veon Bell,8,at JAC,L 15-29,8,23,0,5,3,12,0,3.5
1309, Bilal Powell,8,at JAC,L 15-29,4,11,0,0,0,0,0,1.1
1310, Le'Veon Bell,9,at MIA,L 18-26,17,66,0,9,8,55,0,12.1
1311, Bilal Powell,9,at MIA,L 18-26,2,16,0,0,0,0,0,1.6
1312, Le'Veon Bell,10,NYG,W 34-27,18,34,1,4,4,34,0,12.8
1313, Bilal Powell,10,NYG,W 34-27,7,15,0,0,0,0,0,1.5
1314, Le'Veon Bell,11,at WAS,W 34-17,18,59,1,2,2,33,0,15.2
1315, Bilal Powell,11,at WAS,W 34-17,7,42,0,2,1,5,0,4.7
1316, Ty Montgomery,11,at WAS,W 34-17,2,11,0,1,0,0,0,1.1
1317, Josh Adams,11,at WAS,W 34-17,4,6,0,0,0,0,0,0.6
1318, Le'Veon Bell,12,LV,W 34-3,12,49,0,5,5,59,0,10.8
1319, Ty Montgomery,12,LV,W 34-3,5,2,0,2,1,21,0,2.3
1320, Bilal Powell,12,LV,W 34-3,5,15,0,2,1,5,0,2.0
1321, Josh Adams,12,LV,W 34-3,4,6,0,0,0,0,0,0.6
1322, Le'Veon Bell,13,at CIN,L 6-22,10,32,0,5,4,35,0,6.7
1323, Bilal Powell,13,at CIN,L 6-22,4,14,0,2,2,4,0,1.8
1324, Ty Montgomery,13,at CIN,L 6-22,1,7,0,1,1,1,0,0.8
1325, Bilal Powell,14,MIA,W 22-21,19,74,0,3,2,14,0,8.8
1326, Ty Montgomery,14,MIA,W 22-21,9,31,0,3,3,30,0,6.1
1327, Le'Veon Bell,15,at BAL,L 21-42,21,87,0,2,2,1,0,8.8
1328, Ty Montgomery,15,at BAL,L 21-42,2,5,0,1,1,5,0,1.0
1329, Le'Veon Bell,16,PIT,W 16-10,25,72,0,4,4,21,0,9.3
1330, Ty Montgomery,16,PIT,W 16-10,2,7,0,1,1,1,0,0.8
1331, Bilal Powell,16,PIT,W 16-10,1,3,0,2,1,5,0,0.8
1332, Le'Veon Bell,17,at BUF,W 13-6,16,41,0,5,5,36,0,7.7
1333, Bilal Powell,17,at BUF,W 13-6,7,27,0,0,0,0,0,2.7
1334, Kenyan Drake,1,BAL,L 10-59,4,12,0,3,2,15,0,2.7
1335, Kalen Ballage,1,BAL,L 10-59,5,-1,0,1,1,13,0,1.2
1336, Mark Walton,1,BAL,L 10-59,1,1,0,0,0,0,0,0.1
1337, Kenyan Drake,2,NE,L 0-43,6,19,0,6,5,29,0,4.8
1338, Mark Walton,2,NE,L 0-43,3,15,0,2,1,12,0,2.7
1339, Kalen Ballage,2,NE,L 0-43,4,6,0,5,1,6,0,1.2
1340, Kenyan Drake,3,at DAL,L 6-31,12,38,0,6,3,34,0,7.2
1341, Kalen Ballage,3,at DAL,L 6-31,8,17,0,3,1,10,0,2.7
1342, Kenyan Drake,4,LAC,L 10-30,9,44,0,5,3,29,0,7.3
1343, Mark Walton,4,LAC,L 10-30,6,23,0,2,2,11,0,3.4
1344, Kalen Ballage,4,LAC,L 10-30,2,7,0,1,0,0,0,0.7
1345, Mark Walton,6,WAS,L 16-17,6,32,0,6,5,43,0,7.5
1346, Kenyan Drake,6,WAS,L 16-17,10,40,0,9,6,30,0,7.0
1347, Kalen Ballage,6,WAS,L 16-17,3,7,1,0,0,0,0,6.7
1348, Kalen Ballage,7,at BUF,L 21-31,3,7,1,0,0,0,0,6.7
1349, Mark Walton,7,at BUF,L 21-31,14,66,0,1,1,-8,0,5.8
1350, Kenyan Drake,7,at BUF,L 21-31,6,21,0,4,3,37,0,5.8
1351, Mark Walton,8,at PIT,L 14-27,11,35,0,6,3,19,0,5.4
1352, Kalen Ballage,8,at PIT,L 14-27,3,8,0,1,1,11,0,1.9
1353, Mark Walton,9,NYJ,W 26-18,12,29,0,4,3,12,0,4.1
1354, Kalen Ballage,9,NYJ,W 26-18,7,19,0,1,0,0,0,1.9
1355, Kalen Ballage,10,at IND,W 16-12,20,43,0,4,4,2,0,4.5
1356, Patrick Laird,10,at IND,W 16-12,2,4,0,2,2,15,0,1.9
1357, Myles Gaskin,10,at IND,W 16-12,0,0,0,1,1,0,0,0.0
1358, Kalen Ballage,11,BUF,L 20-37,9,9,1,6,5,8,0,7.7
1359, Patrick Laird,11,BUF,L 20-37,1,7,0,6,6,51,0,5.8
1360, Myles Gaskin,11,BUF,L 20-37,1,0,0,1,0,0,0,0.0
1361, Kalen Ballage,12,at CLE,L 24-41,7,13,0,1,1,13,0,2.6
1362, Patrick Laird,12,at CLE,L 24-41,3,20,0,1,0,0,0,2.0
1363, Myles Gaskin,12,at CLE,L 24-41,4,10,0,1,1,7,0,1.7
1364, Patrick Laird,13,PHI,W 37-31,10,5,1,5,4,43,0,10.8
1365, Myles Gaskin,13,PHI,W 37-31,2,20,0,1,1,6,0,2.6
1366, Kalen Ballage,13,PHI,W 37-31,3,0,0,1,0,0,0,0.0
1367, Patrick Laird,14,at NYJ,L 21-22,15,48,0,5,4,38,0,8.6
1368, Myles Gaskin,14,at NYJ,L 21-22,4,5,0,2,1,6,0,1.1
1369, Myles Gaskin,15,at NYG,L 20-36,9,43,0,3,2,29,0,7.2
1370, Patrick Laird,15,at NYG,L 20-36,12,46,0,5,2,8,0,5.4
1371, Myles Gaskin,16,CIN,W 38-35,16,55,1,3,1,3,0,11.8
1372, Patrick Laird,16,CIN,W 38-35,8,17,0,1,1,1,0,1.8
1373, De'Lance Turner,16,CIN,W 38-35,4,6,0,0,0,0,0,0.6
1374, Patrick Laird,17,at NE,W 27-24,11,21,0,5,4,48,0,6.9
1375, Samaje Perine,17,at NE,W 27-24,5,16,0,0,0,0,0,1.6