score_home,score_away,team_home,team_away,schedule_date,schedule_season,schedule_week,total_score,1s_0es_id,team_id,wins_losses
27,42,NE,KC,9/7/2017,2017,1,69,0,NE,loss 
21,12,BUF,NYJ,9/10/2017,2017,1,33,1,BUF,win
17,23,CHI,ATL,9/10/2017,2017,1,40,0,ATL,loss 
0,20,CIN,BLT,9/10/2017,2017,1,20,0,CIN,loss 
18,21,CLV,PIT,9/10/2017,2017,1,39,0,PIT,loss 
19,3,DAL,NYG,9/10/2017,2017,1,22,1,DAL,win
35,23,DET,ARZ,9/10/2017,2017,1,58,1,ARZ,win
17,9,GB,SEA,9/10/2017,2017,1,26,1,GB,win
7,29,HST,JAX,9/10/2017,2017,1,36,0,HST,loss 
46,9,LA,IND,9/10/2017,2017,1,55,1,IND,win
3,23,SF,CAR,9/10/2017,2017,1,26,0,CAR,loss 
16,26,TEN,OAK,9/10/2017,2017,1,42,0,TEN,loss 
17,30,WAS,PHI,9/10/2017,2017,1,47,0,PHI,loss 
24,21,DEN,LAC,9/11/2017,2017,1,45,1,DEN,win
29,19,MIN,NO,9/11/2017,2017,1,48,1,MIN,win
9,13,CIN,HST,9/14/2017,2017,2,22,0,CIN,loss 
34,23,ATL,GB,9/17/2017,2017,2,57,1,ATL,win
24,10,BLT,CLV,9/17/2017,2017,2,34,1,BLT,win
9,3,CAR,BUF,9/17/2017,2017,2,12,1,CAR,win
42,17,DEN,DAL,9/17/2017,2017,2,59,1,DAL,win
13,16,IND,ARZ,9/17/2017,2017,2,29,0,ARZ,loss 
16,37,JAX,TEN,9/17/2017,2017,2,53,0,TEN,loss 
27,20,KC,PHI,9/17/2017,2017,2,47,1,KC,win
17,19,LAC,MIA,9/17/2017,2017,2,36,0,LAC,loss 
20,27,LA,WAS,9/17/2017,2017,2,47,0,LA,loss 
20,36,NO,NE,9/17/2017,2017,2,56,0,NE,loss 
45,20,OAK,NYJ,9/17/2017,2017,2,65,1,OAK,win
26,9,PIT,MIN,9/17/2017,2017,2,35,1,PIT,win
12,9,SEA,SF,9/17/2017,2017,2,21,1,SEA,win
29,7,TB,CHI,9/17/2017,2017,2,36,1,TB,win
10,24,NYG,DET,9/18/2017,2017,2,34,0,NYG,loss 
39,41,SF,LA,9/21/2017,2017,3,80,0,LA,loss 
26,16,BUF,DEN,9/24/2017,2017,3,42,1,DEN,win
13,34,CAR,NO,9/24/2017,2017,3,47,0,CAR,loss 
23,17,CHI,PIT,9/24/2017,2017,3,40,1,PIT,win
26,30,DET,ATL,9/24/2017,2017,3,56,0,ATL,loss 
27,24,GB,CIN,9/24/2017,2017,3,51,1,GB,win
31,28,IND,CLV,9/24/2017,2017,3,59,1,CLV,win
44,7,JAX,BLT,9/24/2017,2017,3,51,1,BLT,win
10,24,LAC,KC,9/24/2017,2017,3,34,0,KC,loss 
34,17,MIN,TB,9/24/2017,2017,3,51,1,TB,win
36,33,NE,HST,9/24/2017,2017,3,69,1,NE,win
20,6,NYJ,MIA,9/24/2017,2017,3,26,1,MIA,win
27,24,PHI,NYG,9/24/2017,2017,3,51,1,PHI,win
33,27,TEN,SEA,9/24/2017,2017,3,60,1,TEN,win
27,10,WAS,OAK,9/24/2017,2017,3,37,1,OAK,win
17,28,ARZ,DAL,9/25/2017,2017,3,45,0,DAL,loss 
35,14,GB,CHI,9/28/2017,2017,4,49,1,GB,win
18,15,ARZ,SF,10/1/2017,2017,4,33,1,ARZ,win
17,23,ATL,BUF,10/1/2017,2017,4,40,0,ATL,loss 
9,26,BLT,PIT,10/1/2017,2017,4,35,0,PIT,loss 
7,31,CLV,CIN,10/1/2017,2017,4,38,0,CIN,loss 
30,35,DAL,LA,10/1/2017,2017,4,65,0,DAL,loss 
16,10,DEN,OAK,10/1/2017,2017,4,26,1,DEN,win
57,14,HST,TEN,10/1/2017,2017,4,71,1,TEN,win
24,26,LAC,PHI,10/1/2017,2017,4,50,0,LAC,loss 
0,20,MIA,NO,10/1/2017,2017,4,20,0,NO,loss 
7,14,MIN,DET,10/1/2017,2017,4,21,0,MIN,loss 
30,33,NE,CAR,10/1/2017,2017,4,63,0,NE,loss 
23,20,NYJ,JAX,10/1/2017,2017,4,43,1,JAX,win
46,17,SEA,IND,10/1/2017,2017,4,63,1,SEA,win
25,23,TB,NYG,10/1/2017,2017,4,48,1,TB,win
29,20,KC,WAS,10/2/2017,2017,4,49,1,KC,win
14,19,TB,NE,10/5/2017,2017,5,33,0,NE,loss 
20,16,CIN,BUF,10/8/2017,2017,5,36,1,CIN,win
14,17,CLV,NYJ,10/8/2017,2017,5,31,0,NYJ,loss 
31,35,DAL,GB,10/8/2017,2017,5,66,0,DAL,loss 
24,27,DET,CAR,10/8/2017,2017,5,51,0,DET,loss 
34,42,HST,KC,10/8/2017,2017,5,76,0,KC,loss 
26,23,IND,SF,10/8/2017,2017,5,49,1,IND,win
10,16,LA,SEA,10/8/2017,2017,5,26,0,LA,loss 
16,10,MIA,TEN,10/8/2017,2017,5,26,1,TEN,win
22,27,NYG,LAC,10/8/2017,2017,5,49,0,NYG,loss 
17,30,OAK,BLT,10/8/2017,2017,5,47,0,OAK,loss 
34,7,PHI,ARZ,10/8/2017,2017,5,41,1,PHI,win
9,30,PIT,JAX,10/8/2017,2017,5,39,0,PIT,loss 
17,20,CHI,MIN,10/9/2017,2017,5,37,0,MIN,loss 
23,28,CAR,PHI,10/12/2017,2017,6,51,0,CAR,loss 
38,33,ARZ,TB,10/15/2017,2017,6,71,1,TB,win
17,20,ATL,MIA,10/15/2017,2017,6,37,0,ATL,loss 
24,27,BLT,CHI,10/15/2017,2017,6,51,0,BLT,loss 
10,23,DEN,NYG,10/15/2017,2017,6,33,0,DEN,loss 
33,17,HST,CLV,10/15/2017,2017,6,50,1,HST,win
17,27,JAX,LA,10/15/2017,2017,6,44,0,JAX,loss 
13,19,KC,PIT,10/15/2017,2017,6,32,0,KC,loss 
23,10,MIN,GB,10/15/2017,2017,6,33,1,GB,win
52,38,NO,DET,10/15/2017,2017,6,90,1,NO,win
17,24,NYJ,NE,10/15/2017,2017,6,41,0,NE,loss 
16,17,OAK,LAC,10/15/2017,2017,6,33,0,OAK,loss 
26,24,WAS,SF,10/15/2017,2017,6,50,1,WAS,win
36,22,TEN,IND,10/16/2017,2017,6,58,1,TEN,win
31,30,OAK,KC,10/19/2017,2017,7,61,1,KC,win
30,27,BUF,TB,10/22/2017,2017,7,57,1,BUF,win
17,3,CHI,CAR,10/22/2017,2017,7,20,1,CAR,win
9,12,CLV,TEN,10/22/2017,2017,7,21,0,TEN,loss 
17,26,GB,NO,10/22/2017,2017,7,43,0,NO,loss 
0,27,IND,JAX,10/22/2017,2017,7,27,0,JAX,loss 
21,0,LAC,DEN,10/22/2017,2017,7,21,1,DEN,win
33,0,LA,ARZ,10/22/2017,2017,7,33,1,LA,win
31,28,MIA,NYJ,10/22/2017,2017,7,59,1,MIA,win
24,16,MIN,BLT,10/22/2017,2017,7,40,1,MIN,win
23,7,NE,ATL,10/22/2017,2017,7,30,1,NE,win
7,24,NYG,SEA,10/22/2017,2017,7,31,0,SEA,loss 
29,14,PIT,CIN,10/22/2017,2017,7,43,1,PIT,win
10,40,SF,DAL,10/22/2017,2017,7,50,0,DAL,loss 
34,24,PHI,WAS,10/23/2017,2017,7,58,1,PHI,win
40,0,BLT,MIA,10/26/2017,2017,8,40,1,BLT,win
34,14,BUF,OAK,10/29/2017,2017,8,48,1,BUF,win
24,23,CIN,IND,10/29/2017,2017,8,47,1,CIN,win
16,33,CLV,MIN,10/29/2017,2017,8,49,0,MIN,loss 
15,20,DET,PIT,10/29/2017,2017,8,35,0,PIT,loss 
21,13,NE,LAC,10/29/2017,2017,8,34,1,NE,win
20,12,NO,CHI,10/29/2017,2017,8,32,1,NO,win
20,25,NYJ,ATL,10/29/2017,2017,8,45,0,ATL,loss 
33,10,PHI,SF,10/29/2017,2017,8,43,1,PHI,win
41,38,SEA,HST,10/29/2017,2017,8,79,1,SEA,win
3,17,TB,CAR,10/29/2017,2017,8,20,0,TB,loss 
19,33,WAS,DAL,10/29/2017,2017,8,52,0,DAL,loss 
29,19,KC,DEN,10/30/2017,2017,8,48,1,KC,win
34,21,NYJ,BUF,11/2/2017,2017,9,55,1,BUF,win
20,17,CAR,ATL,11/5/2017,2017,9,37,1,ATL,win
28,17,DAL,KC,11/5/2017,2017,9,45,1,DAL,win
14,20,HST,IND,11/5/2017,2017,9,34,0,HST,loss 
23,7,JAX,CIN,11/5/2017,2017,9,30,1,JAX,win
24,27,MIA,OAK,11/5/2017,2017,9,51,0,OAK,loss 
30,10,NO,TB,11/5/2017,2017,9,40,1,NO,win
17,51,NYG,LA,11/5/2017,2017,9,68,0,LA,loss 
51,23,PHI,DEN,11/5/2017,2017,9,74,1,PHI,win
10,20,SF,ARZ,11/5/2017,2017,9,30,0,ARZ,loss 
14,17,SEA,WAS,11/5/2017,2017,9,31,0,SEA,loss 
23,20,TEN,BLT,11/5/2017,2017,9,43,1,TEN,win
17,30,GB,DET,11/6/2017,2017,9,47,0,DET,loss 
16,22,ARZ,SEA,11/9/2017,2017,10,38,0,SEA,loss 
27,7,ATL,DAL,11/12/2017,2017,10,34,1,ATL,win
10,47,BUF,NO,11/12/2017,2017,10,57,0,NO,loss 
16,23,CHI,GB,11/12/2017,2017,10,39,0,CHI,loss 
16,41,DEN,NE,11/12/2017,2017,10,57,0,NE,loss 
38,24,DET,CLV,11/12/2017,2017,10,62,1,DET,win
17,20,IND,PIT,11/12/2017,2017,10,37,0,PIT,loss 
20,17,JAX,LAC,11/12/2017,2017,10,37,1,JAX,win
33,7,LA,HST,11/12/2017,2017,10,40,1,LA,win
31,21,SF,NYG,11/12/2017,2017,10,52,1,NYG,win
15,10,TB,NYJ,11/12/2017,2017,10,25,1,TB,win
24,20,TEN,CIN,11/12/2017,2017,10,44,1,TEN,win
30,38,WAS,MIN,11/12/2017,2017,10,68,0,MIN,loss 
45,21,CAR,MIA,11/13/2017,2017,10,66,1,CAR,win
40,17,PIT,TEN,11/16/2017,2017,11,57,1,PIT,win
24,27,CHI,DET,11/19/2017,2017,11,51,0,DET,loss 
7,19,CLV,JAX,11/19/2017,2017,11,26,0,JAX,loss 
9,37,DAL,PHI,11/19/2017,2017,11,46,0,PHI,loss 
17,20,DEN,CIN,11/19/2017,2017,11,37,0,DEN,loss 
0,23,GB,BLT,11/19/2017,2017,11,23,0,BLT,loss 
31,21,HST,ARZ,11/19/2017,2017,11,52,1,HST,win
54,24,LAC,BUF,11/19/2017,2017,11,78,1,LAC,win
20,30,MIA,TB,11/19/2017,2017,11,50,0,TB,loss 
24,7,MIN,LA,11/19/2017,2017,11,31,1,MIN,win
34,31,NO,WAS,11/19/2017,2017,11,65,1,NO,win
12,9,NYG,KC,11/19/2017,2017,11,21,1,KC,win
8,33,OAK,NE,11/19/2017,2017,11,41,0,NE,loss 
31,34,SEA,ATL,11/20/2017,2017,11,65,0,SEA,loss 
6,28,DAL,LAC,11/23/2017,2017,12,34,0,LAC,loss 
23,30,DET,MIN,11/23/2017,2017,12,53,0,MIN,loss 
20,10,WAS,NYG,11/23/2017,2017,12,30,1,WAS,win
27,24,ARZ,JAX,11/26/2017,2017,12,51,1,JAX,win
34,20,ATL,TB,11/26/2017,2017,12,54,1,ATL,win
30,16,CIN,CLV,11/26/2017,2017,12,46,1,CIN,win
16,20,IND,TEN,11/26/2017,2017,12,36,0,TEN,loss 
10,16,KC,BUF,11/26/2017,2017,12,26,0,KC,loss 
26,20,LA,NO,11/26/2017,2017,12,46,1,LA,win
35,17,NE,MIA,11/26/2017,2017,12,52,1,NE,win
27,35,NYJ,CAR,11/26/2017,2017,12,62,0,CAR,loss 
21,14,OAK,DEN,11/26/2017,2017,12,35,1,OAK,win
31,3,PHI,CHI,11/26/2017,2017,12,34,1,PHI,win
31,28,PIT,GB,11/26/2017,2017,12,59,1,PIT,win
13,24,SF,SEA,11/26/2017,2017,12,37,0,SEA,loss 
23,16,BLT,HST,11/27/2017,2017,12,39,1,BLT,win
38,14,DAL,WAS,11/30/2017,2017,13,52,1,WAS,win
16,32,ARZ,LA,12/3/2017,2017,13,48,0,LA,loss 
9,14,ATL,MIN,12/3/2017,2017,13,23,0,ATL,loss 
44,20,BLT,DET,12/3/2017,2017,13,64,1,BLT,win
3,23,BUF,NE,12/3/2017,2017,13,26,0,NE,loss 
14,15,CHI,SF,12/3/2017,2017,13,29,0,CHI,loss 
26,20,GB,TB,12/3/2017,2017,13,46,1,GB,win
30,10,JAX,IND,12/3/2017,2017,13,40,1,JAX,win
19,10,LAC,CLV,12/3/2017,2017,13,29,1,LAC,win
35,9,MIA,DEN,12/3/2017,2017,13,44,1,DEN,win
31,21,NO,CAR,12/3/2017,2017,13,52,1,NO,win
38,31,NYJ,KC,12/3/2017,2017,13,69,1,KC,win
24,17,OAK,NYG,12/3/2017,2017,13,41,1,OAK,win
24,10,SEA,PHI,12/3/2017,2017,13,34,1,PHI,win
24,13,TEN,HST,12/3/2017,2017,13,37,1,TEN,win
20,23,CIN,PIT,12/4/2017,2017,13,43,0,PIT,loss 
20,17,ATL,NO,12/7/2017,2017,14,37,1,ATL,win
12,7,ARZ,TEN,12/10/2017,2017,14,19,1,TEN,win
13,7,BUF,IND,12/10/2017,2017,14,20,1,BUF,win
31,24,CAR,MIN,12/10/2017,2017,14,55,1,MIN,win
7,33,CIN,CHI,12/10/2017,2017,14,40,0,CIN,loss 
21,27,CLV,GB,12/10/2017,2017,14,48,0,GB,loss 
23,0,DEN,NYJ,12/10/2017,2017,14,23,1,NYJ,win
16,26,HST,SF,12/10/2017,2017,14,42,0,HST,loss 
30,24,JAX,SEA,12/10/2017,2017,14,54,1,JAX,win
26,15,KC,OAK,12/10/2017,2017,14,41,1,KC,win
30,13,LAC,WAS,12/10/2017,2017,14,43,1,LAC,win
35,43,LA,PHI,12/10/2017,2017,14,78,0,LA,loss 
10,30,NYG,DAL,12/10/2017,2017,14,40,0,DAL,loss 
39,38,PIT,BLT,12/10/2017,2017,14,77,1,PIT,win
21,24,TB,DET,12/10/2017,2017,14,45,0,PICK,loss 
27,20,MIA,NE,12/11/2017,2017,14,47,1,NE,win
13,25,IND,DEN,12/14/2017,2017,15,38,0,DEN,loss 
20,10,DET,CHI,12/16/2017,2017,15,30,1,DET,win
30,13,KC,LAC,12/16/2017,2017,15,43,1,LAC,win
24,16,BUF,MIA,12/17/2017,2017,15,40,1,BUF,win
31,24,CAR,GB,12/17/2017,2017,15,55,1,CAR,win
10,27,CLV,BLT,12/17/2017,2017,15,37,0,BLT,loss 
45,7,JAX,HST,12/17/2017,2017,15,52,1,JAX,win
34,7,MIN,CIN,12/17/2017,2017,15,41,1,MIN,win
31,19,NO,NYJ,12/17/2017,2017,15,50,1,NO,win
29,34,NYG,PHI,12/17/2017,2017,15,63,0,PHI,loss 
17,20,OAK,DAL,12/17/2017,2017,15,37,0,DAL,loss 
24,27,PIT,NE,12/17/2017,2017,15,51,0,NE,loss 
25,23,SF,TEN,12/17/2017,2017,15,48,1,SF,win
7,42,SEA,LA,12/17/2017,2017,15,49,0,LA,loss 
20,15,WAS,ARZ,12/17/2017,2017,15,35,1,WAS,win
21,24,TB,ATL,12/18/2017,2017,15,45,0,ATL,loss 
23,16,BLT,IND,12/23/2017,2017,16,39,1,BLT,win
0,16,GB,MIN,12/23/2017,2017,16,16,0,MIN,loss 
23,0,ARZ,NYG,12/24/2017,2017,16,23,1,ARZ,win
22,19,CAR,TB,12/24/2017,2017,16,41,1,CAR,win
20,3,CHI,CLV,12/24/2017,2017,16,23,1,CHI,win
26,17,CIN,DET,12/24/2017,2017,16,43,1,DET,win
12,21,DAL,SEA,12/24/2017,2017,16,33,0,DAL,loss 
29,13,KC,MIA,12/24/2017,2017,16,42,1,KC,win
37,16,NE,BUF,12/24/2017,2017,16,53,1,NE,win
23,13,NO,ATL,12/24/2017,2017,16,36,1,NO,win
7,14,NYJ,LAC,12/24/2017,2017,16,21,0,LAC,loss 
44,33,SF,JAX,12/24/2017,2017,16,77,1,JAX,win
23,27,TEN,LA,12/24/2017,2017,16,50,0,LA,loss 
27,11,WAS,DEN,12/24/2017,2017,16,38,1,WAS,win
6,34,HST,PIT,12/25/2017,2017,16,40,0,PIT,loss 
19,10,PHI,OAK,12/25/2017,2017,16,29,1,PHI,win
22,10,ATL,CAR,12/31/2017,2017,17,32,1,ATL,win
27,31,BLT,CIN,12/31/2017,2017,17,58,0,BLT,loss 
24,27,DEN,KC,12/31/2017,2017,17,51,0,DEN,loss 
35,11,DET,GB,12/31/2017,2017,17,46,1,DET,win
22,13,IND,HST,12/31/2017,2017,17,35,1,IND,win
30,10,LAC,OAK,12/31/2017,2017,17,40,1,LAC,win
13,34,LA,SF,12/31/2017,2017,17,47,0,SF,loss 
16,22,MIA,BUF,12/31/2017,2017,17,38,0,BUF,loss 
23,10,MIN,CHI,12/31/2017,2017,17,33,1,MIN,win
26,6,NE,NYJ,12/31/2017,2017,17,32,1,NE,win
18,10,NYG,WAS,12/31/2017,2017,17,28,1,WAS,win
0,6,PHI,DAL,12/31/2017,2017,17,6,0,DAL,loss 
28,24,PIT,CLV,12/31/2017,2017,17,52,1,PIT,win
24,26,SEA,ARZ,12/31/2017,2017,17,50,0,SEA,loss 
31,24,TB,NO,12/31/2017,2017,17,55,1,NO,win
15,10,TEN,JAX,12/31/2017,2017,17,25,1,TEN,win
21,22,KC,TEN,1/6/2018,2017,Wildcard,43,0,KC,loss 
13,26,LA,ATL,1/6/2018,2017,Wildcard,39,0,LA,loss 
10,3,JAX,BUF,1/7/2018,2017,Wildcard,13,1,JAX,win
31,26,NO,CAR,1/7/2018,2017,Wildcard,57,1,NO,win
35,14,NE,TEN,1/13/2018,2017,Division,49,1,NE,win
15,10,PHI,ATL,1/13/2018,2017,Division,25,1,ATL,win
29,24,MIN,NO,1/14/2018,2017,Division,53,1,MIN,win
42,45,PIT,JAX,1/14/2018,2017,Division,87,0,PIT,loss 
24,20,NE,JAX,1/21/2018,2017,Conference,44,1,NE,win
38,7,PHI,MIN,1/21/2018,2017,Conference,45,1,MIN,win
33,41,NE,PHI,2/4/2018,2017,Superbowl,74,0,NE,loss 
18,12,PHI,ATL,9/6/2018,2018,1,30,1,PHI,win
6,24,ARZ,WAS,9/9/2018,2018,1,30,0,ARZ,loss 
47,3,BLT,BUF,9/9/2018,2018,1,50,1,BLT,win
16,8,CAR,DAL,9/9/2018,2018,1,24,1,CAR,win
21,21,CLV,PIT,9/9/2018,2018,1,42,0,PIT,loss 
27,24,DEN,SEA,9/9/2018,2018,1,51,1,DEN,win
24,23,GB,CHI,9/9/2018,2018,1,47,1,GB,win
23,34,IND,CIN,9/9/2018,2018,1,57,0,CIN,loss 
28,38,LAC,KC,9/9/2018,2018,1,66,0,LAC,loss 
27,20,MIA,TEN,9/9/2018,2018,1,47,1,TEN,win
24,16,MIN,SF,9/9/2018,2018,1,40,1,MIN,win
27,20,NE,HST,9/9/2018,2018,1,47,1,NE,win
40,48,NO,TB,9/9/2018,2018,1,88,0,NO,loss 
15,20,NYG,JAX,9/9/2018,2018,1,35,0,JAX,loss 
17,48,DET,NYJ,9/10/2018,2018,1,65,0,DET,loss 
13,33,OAK,LA,9/10/2018,2018,1,46,0,LA,loss 
34,23,CIN,BLT,9/13/2018,2018,2,57,1,CIN,win
31,24,ATL,CAR,9/16/2018,2018,2,55,1,ATL,win
20,31,BUF,LAC,9/16/2018,2018,2,51,0,LAC,loss 
20,13,DAL,NYG,9/16/2018,2018,2,33,1,DAL,win
20,19,DEN,OAK,9/16/2018,2018,2,39,1,DEN,win
29,29,GB,MIN,9/16/2018,2018,2,58,0,MIN,loss 
31,20,JAX,NE,9/16/2018,2018,2,51,1,NE,win
34,0,LA,ARZ,9/16/2018,2018,2,34,1,LA,win
21,18,NO,CLV,9/16/2018,2018,2,39,1,NO,win
12,20,NYJ,MIA,9/16/2018,2018,2,32,0,NYJ,loss 
37,42,PIT,KC,9/16/2018,2018,2,79,0,PIT,loss 
30,27,SF,DET,9/16/2018,2018,2,57,1,SF,win
27,21,TB,PHI,9/16/2018,2018,2,48,1,PHI,win
20,17,TEN,HST,9/16/2018,2018,2,37,1,HST,win
9,21,WAS,IND,9/16/2018,2018,2,30,0,WAS,loss 
24,17,CHI,SEA,9/17/2018,2018,2,41,1,CHI,win
21,17,CLV,NYJ,9/20/2018,2018,3,38,1,CLV,win
14,16,ARZ,CHI,9/23/2018,2018,3,30,0,CHI,loss 
37,43,ATL,NO,9/23/2018,2018,3,80,0,ATL,loss 
27,14,BLT,DEN,9/23/2018,2018,3,41,1,BLT,win
31,21,CAR,CIN,9/23/2018,2018,3,52,1,CAR,win
26,10,DET,NE,9/23/2018,2018,3,36,1,NE,win
22,27,HST,NYG,9/23/2018,2018,3,49,0,HST,loss 
6,9,JAX,TEN,9/23/2018,2018,3,15,0,JAX,loss 
38,27,KC,SF,9/23/2018,2018,3,65,1,KC,win
35,23,LA,LAC,9/23/2018,2018,3,58,1,LA,win
28,20,MIA,OAK,9/23/2018,2018,3,48,1,MIA,win
6,27,MIN,BUF,9/23/2018,2018,3,33,0,MIN,loss 
20,16,PHI,IND,9/23/2018,2018,3,36,1,PHI,win
24,13,SEA,DAL,9/23/2018,2018,3,37,1,SEA,win
31,17,WAS,GB,9/23/2018,2018,3,48,1,GB,win
27,30,TB,PIT,9/24/2018,2018,3,57,0,PIT,loss 
38,31,LA,MIN,9/27/2018,2018,4,69,1,LA,win
17,20,ARZ,SEA,9/30/2018,2018,4,37,0,SEA,loss 
36,37,ATL,CIN,9/30/2018,2018,4,73,0,ATL,loss 
48,10,CHI,TB,9/30/2018,2018,4,58,1,CHI,win
26,24,DAL,DET,9/30/2018,2018,4,50,1,DAL,win
22,0,GB,BUF,9/30/2018,2018,4,22,1,GB,win
34,37,IND,HST,9/30/2018,2018,4,71,0,IND,loss 
31,12,JAX,NYJ,9/30/2018,2018,4,43,1,JAX,win
29,27,LAC,SF,9/30/2018,2018,4,56,1,LAC,win
38,7,NE,MIA,9/30/2018,2018,4,45,1,NE,win
18,33,NYG,NO,9/30/2018,2018,4,51,0,NO,loss 
45,42,OAK,CLV,9/30/2018,2018,4,87,1,OAK,win
14,26,PIT,BLT,9/30/2018,2018,4,40,0,PIT,loss 
26,23,TEN,PHI,9/30/2018,2018,4,49,1,PHI,win
23,27,DEN,KC,10/1/2018,2018,4,50,0,KC,loss 
38,24,NE,IND,10/4/2018,2018,5,62,1,NE,win
13,12,BUF,TEN,10/7/2018,2018,5,25,1,TEN,win
33,31,CAR,NYG,10/7/2018,2018,5,64,1,CAR,win
27,17,CIN,MIA,10/7/2018,2018,5,44,1,CIN,win
12,9,CLV,BLT,10/7/2018,2018,5,21,1,BLT,win
31,23,DET,GB,10/7/2018,2018,5,54,1,GB,win
19,16,HST,DAL,10/7/2018,2018,5,35,1,HST,win
30,14,KC,JAX,10/7/2018,2018,5,44,1,KC,win
26,10,LAC,OAK,10/7/2018,2018,5,36,1,LAC,win
34,16,NYJ,DEN,10/7/2018,2018,5,50,1,NYJ,win
21,23,PHI,MIN,10/7/2018,2018,5,44,0,PHI,loss 
41,17,PIT,ATL,10/7/2018,2018,5,58,1,PIT,win
18,28,SF,ARZ,10/7/2018,2018,5,46,0,SF,loss 
31,33,SEA,LA,10/7/2018,2018,5,64,0,LA,loss 
43,19,NO,WAS,10/8/2018,2018,5,62,1,NO,win
13,34,NYG,PHI,10/11/2018,2018,6,47,0,PHI,loss 
34,29,ATL,TB,10/14/2018,2018,6,63,1,ATL,win
21,28,CIN,PIT,10/14/2018,2018,6,49,0,CIN,loss 
14,38,CLV,LAC,10/14/2018,2018,6,52,0,CLV,loss 
40,7,DAL,JAX,10/14/2018,2018,6,47,1,JAX,win
20,23,DEN,LA,10/14/2018,2018,6,43,0,LA,loss 
20,13,HST,BUF,10/14/2018,2018,6,33,1,HST,win
31,28,MIA,CHI,10/14/2018,2018,6,59,1,CHI,win
27,17,MIN,ARZ,10/14/2018,2018,6,44,1,MIN,win
43,40,NE,KC,10/14/2018,2018,6,83,1,NE,win
42,34,NYJ,IND,10/14/2018,2018,6,76,1,NYJ,win
3,27,OAK,SEA,10/14/2018,2018,6,30,0,SEA,loss 
0,21,TEN,BLT,10/14/2018,2018,6,21,0,BLT,loss 
23,17,WAS,CAR,10/14/2018,2018,6,40,1,CAR,win
33,30,GB,SF,10/15/2018,2018,6,63,1,GB,win
10,45,ARZ,DEN,10/18/2018,2018,7,55,0,DEN,loss 
23,24,BLT,NO,10/21/2018,2018,7,47,0,BLT,loss 
31,38,CHI,NE,10/21/2018,2018,7,69,0,NE,loss 
37,5,IND,BUF,10/21/2018,2018,7,42,1,IND,win
7,20,JAX,HST,10/21/2018,2018,7,27,0,JAX,loss 
45,10,KC,CIN,10/21/2018,2018,7,55,1,KC,win
20,19,LAC,TEN,10/21/2018,2018,7,39,1,LAC,win
21,32,MIA,DET,10/21/2018,2018,7,53,0,DET,loss 
17,37,NYJ,MIN,10/21/2018,2018,7,54,0,MIN,loss 
17,21,PHI,CAR,10/21/2018,2018,7,38,0,PHI,loss 
10,39,SF,LA,10/21/2018,2018,7,49,0,LA,loss 
26,23,TB,CLV,10/21/2018,2018,7,49,1,TB,win
20,17,WAS,DAL,10/21/2018,2018,7,37,1,DAL,win
23,20,ATL,NYG,10/22/2018,2018,7,43,1,ATL,win
42,23,HST,MIA,10/25/2018,2018,8,65,1,HST,win
18,15,ARZ,SF,10/28/2018,2018,8,33,1,ARZ,win
36,21,CAR,BLT,10/28/2018,2018,8,57,1,BLT,win
24,10,CHI,NYJ,10/28/2018,2018,8,34,1,CHI,win
37,34,CIN,TB,10/28/2018,2018,8,71,1,CIN,win
14,28,DET,SEA,10/28/2018,2018,8,42,0,DET,loss 
18,24,JAX,PHI,10/28/2018,2018,8,42,0,PHI,loss 
30,23,KC,DEN,10/28/2018,2018,8,53,1,KC,win
29,27,LA,GB,10/28/2018,2018,8,56,1,LA,win
20,30,MIN,NO,10/28/2018,2018,8,50,0,MIN,loss 
13,20,NYG,WAS,10/28/2018,2018,8,33,0,WAS,loss 
28,42,OAK,IND,10/28/2018,2018,8,70,0,IND,loss 
33,18,PIT,CLV,10/28/2018,2018,8,51,1,PIT,win
6,25,BUF,NE,10/29/2018,2018,8,31,0,NE,loss 
34,3,SF,OAK,11/1/2018,2018,9,37,1,OAK,win
16,23,BLT,PIT,11/4/2018,2018,9,39,0,BLT,loss 
9,41,BUF,CHI,11/4/2018,2018,9,50,0,CHI,loss 
42,28,CAR,TB,11/4/2018,2018,9,70,1,CAR,win
21,37,CLV,KC,11/4/2018,2018,9,58,0,KC,loss 
17,19,DEN,HST,11/4/2018,2018,9,36,0,DEN,loss 
13,6,MIA,NYJ,11/4/2018,2018,9,19,1,MIA,win
24,9,MIN,DET,11/4/2018,2018,9,33,1,MIN,win
31,17,NE,GB,11/4/2018,2018,9,48,1,NE,win
45,35,NO,LA,11/4/2018,2018,9,80,1,LA,win
17,25,SEA,LAC,11/4/2018,2018,9,42,0,SEA,loss 
14,38,WAS,ATL,11/4/2018,2018,9,52,0,WAS,loss 
14,28,DAL,TEN,11/5/2018,2018,9,42,0,DAL,loss 
52,21,PIT,CAR,11/8/2018,2018,10,73,1,PIT,win
34,22,CHI,DET,11/11/2018,2018,10,56,1,CHI,win
14,51,CIN,NO,11/11/2018,2018,10,65,0,NO,loss 
28,16,CLV,ATL,11/11/2018,2018,10,44,1,ATL,win
31,12,GB,MIA,11/11/2018,2018,10,43,1,GB,win
29,26,IND,JAX,11/11/2018,2018,10,55,1,IND,win
26,14,KC,ARZ,11/11/2018,2018,10,40,1,KC,win
36,31,LA,SEA,11/11/2018,2018,10,67,1,LA,win
10,41,NYJ,BUF,11/11/2018,2018,10,51,0,NYJ,loss 
6,20,OAK,LAC,11/11/2018,2018,10,26,0,LAC,loss 
20,27,PHI,DAL,11/11/2018,2018,10,47,0,PHI,loss 
3,16,TB,WAS,11/11/2018,2018,10,19,0,TB,loss 
34,10,TEN,NE,11/11/2018,2018,10,44,1,NE,win
23,27,SF,NYG,11/12/2018,2018,10,50,0,SF,loss 
27,24,SEA,GB,11/15/2018,2018,11,51,1,SEA,win
21,23,ARZ,OAK,11/18/2018,2018,11,44,0,ARZ,loss 
19,22,ATL,DAL,11/18/2018,2018,11,41,0,ATL,loss 
24,21,BLT,CIN,11/18/2018,2018,11,45,1,BLT,win
25,20,CHI,MIN,11/18/2018,2018,11,45,1,CHI,win
20,19,DET,CAR,11/18/2018,2018,11,39,1,CAR,win
38,10,IND,TEN,11/18/2018,2018,11,48,1,IND,win
16,20,JAX,PIT,11/18/2018,2018,11,36,0,PIT,loss 
22,23,LAC,DEN,11/18/2018,2018,11,45,0,LAC,loss 
48,7,NO,PHI,11/18/2018,2018,11,55,1,NO,win
38,35,NYG,TB,11/18/2018,2018,11,73,1,NYG,win
21,23,WAS,HST,11/18/2018,2018,11,44,0,HST,loss 
54,51,LA,KC,11/19/2018,2018,11,105,1,LA,win
31,23,DAL,WAS,11/22/2018,2018,12,54,1,DAL,win
16,23,DET,CHI,11/22/2018,2018,12,39,0,CHI,loss 
31,17,NO,ATL,11/22/2018,2018,12,48,1,NO,win
34,17,BLT,OAK,11/25/2018,2018,12,51,1,BLT,win
24,21,BUF,JAX,11/25/2018,2018,12,45,1,JAX,win
27,30,CAR,SEA,11/25/2018,2018,12,57,0,CAR,loss 
20,35,CIN,CLV,11/25/2018,2018,12,55,0,CLV,loss 
24,17,DEN,PIT,11/25/2018,2018,12,41,1,PIT,win
27,24,IND,MIA,11/25/2018,2018,12,51,1,IND,win
45,10,LAC,ARZ,11/25/2018,2018,12,55,1,LAC,win
24,17,MIN,GB,11/25/2018,2018,12,41,1,MIN,win
13,27,NYJ,NE,11/25/2018,2018,12,40,0,NE,loss 
25,22,PHI,NYG,11/25/2018,2018,12,47,1,PHI,win
27,9,TB,SF,11/25/2018,2018,12,36,1,TB,win
34,17,HST,TEN,11/26/2018,2018,12,51,1,HST,win
13,10,DAL,NO,11/29/2018,2018,13,23,1,NO,win
16,26,ATL,BLT,12/2/2018,2018,13,42,0,ATL,loss 
10,24,CIN,DEN,12/2/2018,2018,13,34,0,DEN,loss 
16,30,DET,LA,12/2/2018,2018,13,46,0,LA,loss 
17,20,GB,ARZ,12/2/2018,2018,13,37,0,GB,loss 
29,13,HST,CLV,12/2/2018,2018,13,42,1,HST,win
6,0,JAX,IND,12/2/2018,2018,13,6,1,IND,win
21,17,MIA,BUF,12/2/2018,2018,13,38,1,MIA,win
24,10,NE,MIN,12/2/2018,2018,13,34,1,NE,win
30,27,NYG,CHI,12/2/2018,2018,13,57,1,CHI,win
33,40,OAK,KC,12/2/2018,2018,13,73,0,KC,loss 
30,33,PIT,LAC,12/2/2018,2018,13,63,0,PIT,loss 
43,16,SEA,SF,12/2/2018,2018,13,59,1,SEA,win
24,17,TB,CAR,12/2/2018,2018,13,41,1,CAR,win
26,22,TEN,NYJ,12/2/2018,2018,13,48,1,TEN,win
28,13,PHI,WAS,12/3/2018,2018,13,41,1,PHI,win
30,9,TEN,JAX,12/6/2018,2018,14,39,1,TEN,win
3,17,ARZ,DET,12/9/2018,2018,14,20,0,DET,loss 
23,27,BUF,NYJ,12/9/2018,2018,14,50,0,BUF,loss 
15,6,CHI,LA,12/9/2018,2018,14,21,1,LA,win
26,20,CLV,CAR,12/9/2018,2018,14,46,1,CAR,win
29,23,DAL,PHI,12/9/2018,2018,14,52,1,DAL,win
34,20,GB,ATL,12/9/2018,2018,14,54,1,GB,win
21,24,HST,IND,12/9/2018,2018,14,45,0,HST,loss 
27,24,KC,BLT,12/9/2018,2018,14,51,1,KC,win
26,21,LAC,CIN,12/9/2018,2018,14,47,1,LAC,win
34,33,MIA,NE,12/9/2018,2018,14,67,1,NE,win
24,21,OAK,PIT,12/9/2018,2018,14,45,1,PIT,win
20,14,SF,DEN,12/9/2018,2018,14,34,1,DEN,win
14,28,TB,NO,12/9/2018,2018,14,42,0,NO,loss 
16,40,WAS,NYG,12/9/2018,2018,14,56,0,NYG,loss 
21,7,SEA,MIN,12/10/2018,2018,14,28,1,SEA,win
28,29,KC,LAC,12/13/2018,2018,15,57,0,KC,loss 
16,17,DEN,CLV,12/15/2018,2018,15,33,0,DEN,loss 
22,29,NYJ,HST,12/15/2018,2018,15,51,0,HST,loss 
40,14,ATL,ARZ,12/16/2018,2018,15,54,1,ATL,win
20,12,BLT,TB,12/16/2018,2018,15,32,1,BLT,win
14,13,BUF,DET,12/16/2018,2018,15,27,1,BUF,win
24,17,CHI,GB,12/16/2018,2018,15,41,1,CHI,win
30,16,CIN,OAK,12/16/2018,2018,15,46,1,CIN,win
23,0,IND,DAL,12/16/2018,2018,15,23,1,IND,win
13,16,JAX,WAS,12/16/2018,2018,15,29,0,JAX,loss 
23,30,LA,PHI,12/16/2018,2018,15,53,0,LA,loss 
41,17,MIN,MIA,12/16/2018,2018,15,58,1,MIN,win
0,17,NYG,TEN,12/16/2018,2018,15,17,0,TEN,loss 
17,10,PIT,NE,12/16/2018,2018,15,27,1,NE,win
26,23,SF,SEA,12/16/2018,2018,15,49,1,SEA,win
9,12,CAR,NO,12/17/2018,2018,15,21,0,NO,loss 
10,22,LAC,BLT,12/22/2018,2018,16,32,0,LAC,loss 
25,16,TEN,WAS,12/22/2018,2018,16,41,1,TEN,win
9,31,ARZ,LA,12/23/2018,2018,16,40,0,LA,loss 
10,24,CAR,ATL,12/23/2018,2018,16,34,0,ATL,loss 
26,18,CLV,CIN,12/23/2018,2018,16,44,1,CLV,win
27,20,DAL,TB,12/23/2018,2018,16,47,1,DAL,win
9,27,DET,MIN,12/23/2018,2018,16,36,0,MIN,loss 
28,27,IND,NYG,12/23/2018,2018,16,55,1,IND,win
7,17,MIA,JAX,12/23/2018,2018,16,24,0,MIA,loss 
24,12,NE,BUF,12/23/2018,2018,16,36,1,NE,win
31,28,NO,PIT,12/23/2018,2018,16,59,1,NO,win
38,44,NYJ,GB,12/23/2018,2018,16,82,0,GB,loss 
32,30,PHI,HST,12/23/2018,2018,16,62,1,PHI,win
9,14,SF,CHI,12/23/2018,2018,16,23,0,CHI,loss 
38,31,SEA,KC,12/23/2018,2018,16,69,1,KC,win
27,14,OAK,DEN,12/24/2018,2018,16,41,1,DEN,win
26,24,BLT,CLV,12/30/2018,2018,17,50,1,BLT,win
42,17,BUF,MIA,12/30/2018,2018,17,59,1,BUF,win
9,23,DEN,LAC,12/30/2018,2018,17,32,0,LAC,loss 
0,31,GB,DET,12/30/2018,2018,17,31,0,GB,loss 
20,3,HST,JAX,12/30/2018,2018,17,23,1,HST,win
35,3,KC,OAK,12/30/2018,2018,17,38,1,KC,win
48,32,LA,SF,12/30/2018,2018,17,80,1,LA,win
10,24,MIN,CHI,12/30/2018,2018,17,34,0,MIN,loss 
38,3,NE,NYJ,12/30/2018,2018,17,41,1,NE,win
14,33,NO,CAR,12/30/2018,2018,17,47,0,NO,loss 
35,36,NYG,DAL,12/30/2018,2018,17,71,0,NYG,loss 
16,13,PIT,CIN,12/30/2018,2018,17,29,1,PIT,win
27,24,SEA,ARZ,12/30/2018,2018,17,51,1,SEA,win
32,34,TB,ATL,12/30/2018,2018,17,66,0,ATL,loss 
17,33,TEN,IND,12/30/2018,2018,17,50,0,IND,loss 
0,24,WAS,PHI,12/30/2018,2018,17,24,0,PHI,loss 
24,22,DAL,SEA,1/5/2019,2018,Wildcard,46,1,DAL,win
7,21,HST,IND,1/5/2019,2018,Wildcard,28,0,HST,loss 
17,23,BLT,LAC,1/6/2019,2018,Wildcard,40,0,BLT,loss 
15,16,CHI,PHI,1/6/2019,2018,Wildcard,31,0,CHI,loss 
31,13,KC,IND,1/12/2019,2018,Division,44,1,KC,win
30,22,LA,DAL,1/12/2019,2018,Division,52,1,LA,win
41,28,NE,LAC,1/13/2019,2018,Division,69,1,NE,win
20,14,NO,PHI,1/13/2019,2018,Division,34,1,NO,win
31,37,KC,NE,1/20/2019,2018,Conference,68,0,KC,loss 
23,26,NO,LA,1/20/2019,2018,Conference,49,0,NO,loss 
3,13,LA,NE,2/3/2019,2018,Superbowl,16,0,NE,loss 
3,10,CHI,GB,9/5/2019,2019,1,13,0,CHI,loss 
27,27,ARZ,DET,9/8/2019,2019,1,54,0,DET,loss 
27,30,CAR,LA,9/8/2019,2019,1,57,0,LA,loss 
13,43,CLV,TEN,9/8/2019,2019,1,56,0,CLV,loss 
35,17,DAL,NYG,9/8/2019,2019,1,52,1,DAL,win
26,40,JAX,KC,9/8/2019,2019,1,66,0,KC,loss 
30,24,LAC,IND,9/8/2019,2019,1,54,1,LAC,win
10,59,MIA,BLT,9/8/2019,2019,1,69,0,BLT,loss 
28,12,MIN,ATL,9/8/2019,2019,1,40,1,MIN,win
33,3,NE,PIT,9/8/2019,2019,1,36,1,NE,win
16,17,NYJ,BUF,9/8/2019,2019,1,33,0,NYJ,loss 
32,27,PHI,WAS,9/8/2019,2019,1,59,1,PHI,win
21,20,SEA,CIN,9/8/2019,2019,1,41,1,SEA,win
17,31,TB,SF,9/8/2019,2019,1,48,0,TB,loss 
30,28,NO,HST,9/9/2019,2019,1,58,1,NO,win
24,16,OAK,DEN,9/9/2019,2019,1,40,1,DEN,win
14,20,CAR,TB,9/12/2019,2019,2,34,0,CAR,loss 
24,20,ATL,PHI,9/15/2019,2019,2,44,1,PHI,win
23,17,BLT,ARZ,9/15/2019,2019,2,40,1,BLT,win
17,41,CIN,SF,9/15/2019,2019,2,58,0,CIN,loss 
14,16,DEN,CHI,9/15/2019,2019,2,30,0,CHI,loss 
13,10,DET,LAC,9/15/2019,2019,2,23,1,LAC,win
21,16,GB,MIN,9/15/2019,2019,2,37,1,GB,win
13,12,HST,JAX,9/15/2019,2019,2,25,1,HST,win
27,9,LA,NO,9/15/2019,2019,2,36,1,LA,win
0,43,MIA,NE,9/15/2019,2019,2,43,0,NE,loss 
14,28,NYG,BUF,9/15/2019,2019,2,42,0,BUF,loss 
10,28,OAK,KC,9/15/2019,2019,2,38,0,KC,loss 
26,28,PIT,SEA,9/15/2019,2019,2,54,0,PIT,loss 
17,19,TEN,IND,9/15/2019,2019,2,36,0,TEN,loss 
21,31,WAS,DAL,9/15/2019,2019,2,52,0,DAL,loss 
3,23,NYJ,CLV,9/16/2019,2019,2,26,0,CLV,loss 
20,7,JAX,TEN,9/19/2019,2019,3,27,1,TEN,win
20,38,ARZ,CAR,9/22/2019,2019,3,58,0,ARZ,loss 
21,17,BUF,CIN,9/22/2019,2019,3,38,1,BUF,win
13,20,CLV,LA,9/22/2019,2019,3,33,0,LA,loss 
31,6,DAL,MIA,9/22/2019,2019,3,37,1,DAL,win
27,16,GB,DEN,9/22/2019,2019,3,43,1,GB,win
27,24,IND,ATL,9/22/2019,2019,3,51,1,IND,win
33,28,KC,BLT,9/22/2019,2019,3,61,1,KC,win
20,27,LAC,HST,9/22/2019,2019,3,47,0,LAC,loss 
34,14,MIN,OAK,9/22/2019,2019,3,48,1,MIN,win
30,14,NE,NYJ,9/22/2019,2019,3,44,1,NE,win
24,27,PHI,DET,9/22/2019,2019,3,51,0,PHI,loss 
24,20,SF,PIT,9/22/2019,2019,3,44,1,SF,win
27,33,SEA,NO,9/22/2019,2019,3,60,0,SEA,loss 
31,32,TB,NYG,9/22/2019,2019,3,63,0,TB,loss 
15,31,WAS,CHI,9/23/2019,2019,3,46,0,CHI,loss 
27,34,GB,PHI,9/26/2019,2019,4,61,0,GB,loss 
10,27,ARZ,SEA,9/29/2019,2019,4,37,0,SEA,loss 
10,24,ATL,TEN,9/29/2019,2019,4,34,0,ATL,loss 
25,40,BLT,CLV,9/29/2019,2019,4,65,0,BLT,loss 
10,16,BUF,NE,9/29/2019,2019,4,26,0,NE,loss 
16,6,CHI,MIN,9/29/2019,2019,4,22,1,CHI,win
24,26,DEN,JAX,9/29/2019,2019,4,50,0,DEN,loss 
30,34,DET,KC,9/29/2019,2019,4,64,0,KC,loss 
10,16,HST,CAR,9/29/2019,2019,4,26,0,HST,loss 
24,31,IND,OAK,9/29/2019,2019,4,55,0,IND,loss 
40,55,LA,TB,9/29/2019,2019,4,95,0,LA,loss 
10,30,MIA,LAC,9/29/2019,2019,4,40,0,LAC,loss 
12,10,NO,DAL,9/29/2019,2019,4,22,1,DAL,win
24,3,NYG,WAS,9/29/2019,2019,4,27,1,NYG,win
27,3,PIT,CIN,9/30/2019,2019,4,30,1,PIT,win
30,29,SEA,LA,10/3/2019,2019,5,59,1,SEA,win
34,27,CAR,JAX,10/6/2019,2019,5,61,1,CAR,win
23,26,CIN,ARZ,10/6/2019,2019,5,49,0,CIN,loss 
24,34,DAL,GB,10/6/2019,2019,5,58,0,DAL,loss 
53,32,HST,ATL,10/6/2019,2019,5,85,1,HST,win
13,19,KC,IND,10/6/2019,2019,5,32,0,KC,loss 
13,20,LAC,DEN,10/6/2019,2019,5,33,0,LAC,loss 
31,24,NO,TB,10/6/2019,2019,5,55,1,NO,win
10,28,NYG,MIN,10/6/2019,2019,5,38,0,MIN,loss 
24,21,OAK,CHI,10/6/2019,2019,5,45,1,CHI,win
31,6,PHI,NYJ,10/6/2019,2019,5,37,1,PHI,win
23,26,PIT,BLT,10/6/2019,2019,5,49,0,BLT,loss 
7,14,TEN,BUF,10/6/2019,2019,5,21,0,TEN,loss 
7,33,WAS,NE,10/6/2019,2019,5,40,0,NE,loss 
31,3,SF,CLV,10/7/2019,2019,5,34,1,SF,win
35,14,NE,NYG,10/10/2019,2019,6,49,1,NE,win
34,33,ARZ,ATL,10/13/2019,2019,6,67,1,ATL,win
23,17,BLT,CIN,10/13/2019,2019,6,40,1,BLT,win
28,32,CLV,SEA,10/13/2019,2019,6,60,0,CLV,loss 
16,0,DEN,TEN,10/13/2019,2019,6,16,1,DEN,win
6,13,JAX,NO,10/13/2019,2019,6,19,0,JAX,loss 
24,31,KC,HST,10/13/2019,2019,6,55,0,KC,loss 
17,24,LAC,PIT,10/13/2019,2019,6,41,0,LAC,loss 
7,20,LA,SF,10/13/2019,2019,6,27,0,LA,loss 
16,17,MIA,WAS,10/13/2019,2019,6,33,0,WAS,loss 
38,20,MIN,PHI,10/13/2019,2019,6,58,1,MIN,win
24,22,NYJ,DAL,10/13/2019,2019,6,46,1,DAL,win
26,37,TB,CAR,10/13/2019,2019,6,63,0,CAR,loss 
23,22,GB,DET,10/14/2019,2019,6,45,1,GB,win
6,30,DEN,KC,10/17/2019,2019,7,36,0,KC,loss 
10,37,ATL,LA,10/20/2019,2019,7,47,0,LA,loss 
31,21,BUF,MIA,10/20/2019,2019,7,52,1,BUF,win
25,36,CHI,NO,10/20/2019,2019,7,61,0,CHI,loss 
17,27,CIN,JAX,10/20/2019,2019,7,44,0,JAX,loss 
37,10,DAL,PHI,10/20/2019,2019,7,47,1,DAL,win
30,42,DET,MIN,10/20/2019,2019,7,72,0,MIN,loss 
42,24,GB,OAK,10/20/2019,2019,7,66,1,GB,win
30,23,IND,HST,10/20/2019,2019,7,53,1,IND,win
21,27,NYG,ARZ,10/20/2019,2019,7,48,0,NYG,loss 
16,30,SEA,BLT,10/20/2019,2019,7,46,0,SEA,loss 
23,20,TEN,LAC,10/20/2019,2019,7,43,1,TEN,win
0,9,WAS,SF,10/20/2019,2019,7,9,0,SF,loss 
0,33,NYJ,NE,10/21/2019,2019,7,33,0,NE,loss 
19,9,MIN,WAS,10/24/2019,2019,8,28,1,MIN,win
20,27,ATL,SEA,10/27/2019,2019,8,47,0,SEA,loss 
13,31,BUF,PHI,10/27/2019,2019,8,44,0,BUF,loss 
16,17,CHI,LAC,10/27/2019,2019,8,33,0,CHI,loss 
31,26,DET,NYG,10/27/2019,2019,8,57,1,DET,win
27,24,HST,OAK,10/27/2019,2019,8,51,1,HST,win
15,13,IND,DEN,10/27/2019,2019,8,28,1,IND,win
29,15,JAX,NYJ,10/27/2019,2019,8,44,1,JAX,win
24,31,KC,GB,10/27/2019,2019,8,55,0,GB,loss 
24,10,LA,CIN,10/27/2019,2019,8,34,1,LA,win
27,13,NE,CLV,10/27/2019,2019,8,40,1,NE,win
31,9,NO,ARZ,10/27/2019,2019,8,40,1,NO,win
51,13,SF,CAR,10/27/2019,2019,8,64,1,SF,win
27,23,TEN,TB,10/27/2019,2019,8,50,1,TEN,win
27,14,PIT,MIA,10/28/2019,2019,8,41,1,PIT,win
25,28,ARZ,SF,10/31/2019,2019,9,53,0,SF,loss 
37,20,BLT,NE,11/3/2019,2019,9,57,1,NE,win
24,9,BUF,WAS,11/3/2019,2019,9,33,1,BUF,win
30,20,CAR,TEN,11/3/2019,2019,9,50,1,CAR,win
24,19,DEN,CLV,11/3/2019,2019,9,43,1,CLV,win
3,26,JAX,HST,11/3/2019,2019,9,29,0,JAX,loss 
26,23,KC,MIN,11/3/2019,2019,9,49,1,MIN,win
26,11,LAC,GB,11/3/2019,2019,9,37,1,GB,win
26,18,MIA,NYJ,11/3/2019,2019,9,44,1,NYJ,win
31,24,OAK,DET,11/3/2019,2019,9,55,1,OAK,win
22,14,PHI,CHI,11/3/2019,2019,9,36,1,PHI,win
26,24,PIT,IND,11/3/2019,2019,9,50,1,PIT,win
40,34,SEA,TB,11/3/2019,2019,9,74,1,SEA,win
18,37,NYG,DAL,11/4/2019,2019,9,55,0,DAL,loss 
26,24,OAK,LAC,11/7/2019,2019,10,50,1,LAC,win
20,13,CHI,DET,11/10/2019,2019,10,33,1,CHI,win
13,49,CIN,BLT,11/10/2019,2019,10,62,0,BLT,loss 
19,16,CLV,BUF,11/10/2019,2019,10,35,1,CLV,win
24,28,DAL,MIN,11/10/2019,2019,10,52,0,DAL,loss 
24,16,GB,CAR,11/10/2019,2019,10,40,1,GB,win
12,16,IND,MIA,11/10/2019,2019,10,28,0,IND,loss 
9,26,NO,ATL,11/10/2019,2019,10,35,0,NO,loss 
34,27,NYJ,NYG,11/10/2019,2019,10,61,1,NYG,win
17,12,PIT,LA,11/10/2019,2019,10,29,1,LA,win
30,27,TB,ARZ,11/10/2019,2019,10,57,1,TB,win
35,32,TEN,KC,11/10/2019,2019,10,67,1,KC,win
24,27,SF,SEA,11/11/2019,2019,10,51,0,SF,loss 
21,7,CLV,PIT,11/14/2019,2019,11,28,1,CLV,win
41,7,BLT,HST,11/17/2019,2019,11,48,1,BLT,win
3,29,CAR,ATL,11/17/2019,2019,11,32,0,CAR,loss 
27,35,DET,DAL,11/17/2019,2019,11,62,0,DAL,loss 
33,13,IND,JAX,11/17/2019,2019,11,46,1,IND,win
17,7,LA,CHI,11/17/2019,2019,11,24,1,LA,win
20,37,MIA,BUF,11/17/2019,2019,11,57,0,BUF,loss 
27,23,MIN,DEN,11/17/2019,2019,11,50,1,MIN,win
17,10,OAK,CIN,11/17/2019,2019,11,27,1,OAK,win
10,17,PHI,NE,11/17/2019,2019,11,27,0,NE,loss 
36,26,SF,ARZ,11/17/2019,2019,11,62,1,SF,win
17,34,TB,NO,11/17/2019,2019,11,51,0,NO,loss 
17,34,WAS,NYJ,11/17/2019,2019,11,51,0,WAS,loss 
17,24,LAC,KC,11/18/2019,2019,11,41,0,KC,loss 
20,17,HST,IND,11/21/2019,2019,12,37,1,HST,win
22,35,ATL,TB,11/24/2019,2019,12,57,0,ATL,loss 
20,3,BUF,DEN,11/24/2019,2019,12,23,1,BUF,win
19,14,CHI,NYG,11/24/2019,2019,12,33,1,CHI,win
10,16,CIN,PIT,11/24/2019,2019,12,26,0,PIT,loss 
41,24,CLV,MIA,11/24/2019,2019,12,65,1,CLV,win
13,9,NE,DAL,11/24/2019,2019,12,22,1,NE,win
34,31,NO,CAR,11/24/2019,2019,12,65,1,NO,win
34,3,NYJ,OAK,11/24/2019,2019,12,37,1,OAK,win
9,17,PHI,SEA,11/24/2019,2019,12,26,0,SEA,loss 
37,8,SF,GB,11/24/2019,2019,12,45,1,SF,win
42,20,TEN,JAX,11/24/2019,2019,12,62,1,TEN,win
19,16,WAS,DET,11/24/2019,2019,12,35,1,DET,win
6,45,LA,BLT,11/25/2019,2019,12,51,0,BLT,loss 
18,26,ATL,NO,11/28/2019,2019,13,44,0,NO,loss 
15,26,DAL,BUF,11/28/2019,2019,13,41,0,DAL,loss 
20,24,DET,CHI,11/28/2019,2019,13,44,0,CHI,loss 
7,34,ARZ,LA,12/1/2019,2019,13,41,0,LA,loss 
20,17,BLT,SF,12/1/2019,2019,13,37,1,BLT,win
21,29,CAR,WAS,12/1/2019,2019,13,50,0,CAR,loss 
22,6,CIN,NYJ,12/1/2019,2019,13,28,1,NYJ,win
23,20,DEN,LAC,12/1/2019,2019,13,43,1,LAC,win
28,22,HST,NE,12/1/2019,2019,13,50,1,NE,win
17,31,IND,TEN,12/1/2019,2019,13,48,0,TEN,loss 
11,28,JAX,TB,12/1/2019,2019,13,39,0,TB,loss 
40,9,KC,OAK,12/1/2019,2019,13,49,1,KC,win
37,31,MIA,PHI,12/1/2019,2019,13,68,1,PHI,win
13,31,NYG,GB,12/1/2019,2019,13,44,0,GB,loss 
20,13,PIT,CLV,12/1/2019,2019,13,33,1,CLV,win
37,30,SEA,MIN,12/2/2019,2019,13,67,1,SEA,win
31,24,CHI,DAL,12/5/2019,2019,14,55,1,DAL,win
17,23,ARZ,PIT,12/8/2019,2019,14,40,0,PIT,loss 
40,20,ATL,CAR,12/8/2019,2019,14,60,1,ATL,win
17,24,BUF,BLT,12/8/2019,2019,14,41,0,BLT,loss 
27,19,CLV,CIN,12/8/2019,2019,14,46,1,CLV,win
20,15,GB,WAS,12/8/2019,2019,14,35,1,GB,win
24,38,HST,DEN,12/8/2019,2019,14,62,0,HST,loss 
10,45,JAX,LAC,12/8/2019,2019,14,55,0,LAC,loss 
28,12,LA,SEA,12/8/2019,2019,14,40,1,LA,win
20,7,MIN,DET,12/8/2019,2019,14,27,1,MIN,win
16,23,NE,KC,12/8/2019,2019,14,39,0,NE,loss 
46,48,NO,SF,12/8/2019,2019,14,94,0,NO,loss 
22,21,NYJ,MIA,12/8/2019,2019,14,43,1,NYJ,win
21,42,OAK,TEN,12/8/2019,2019,14,63,0,TEN,loss 
38,35,TB,IND,12/8/2019,2019,14,73,1,TB,win
23,17,PHI,NYG,12/9/2019,2019,14,40,1,PHI,win
42,21,BLT,NYJ,12/12/2019,2019,15,63,1,BLT,win
38,24,ARZ,CLV,12/15/2019,2019,15,62,1,CLV,win
24,30,CAR,SEA,12/15/2019,2019,15,54,0,SEA,loss 
13,34,CIN,NE,12/15/2019,2019,15,47,0,NE,loss 
44,21,DAL,LA,12/15/2019,2019,15,65,1,LA,win
17,38,DET,TB,12/15/2019,2019,15,55,0,TB,loss 
21,13,GB,CHI,12/15/2019,2019,15,34,1,GB,win
23,3,KC,DEN,12/15/2019,2019,15,26,1,KC,win
10,39,LAC,MIN,12/15/2019,2019,15,49,0,MIN,loss 
36,20,NYG,MIA,12/15/2019,2019,15,56,1,NYG,win
16,20,OAK,JAX,12/15/2019,2019,15,36,0,OAK,loss 
10,17,PIT,BUF,12/15/2019,2019,15,27,0,PIT,loss 
22,29,SF,ATL,12/15/2019,2019,15,51,0,SF,loss 
21,24,TEN,HST,12/15/2019,2019,15,45,0,TEN,loss 
27,37,WAS,PHI,12/15/2019,2019,15,64,0,PHI,loss 
34,7,NO,IND,12/16/2019,2019,15,41,1,NO,win
24,17,NE,BUF,12/21/2019,2019,16,41,1,NE,win
34,31,SF,LA,12/21/2019,2019,16,65,1,SF,win
20,23,TB,HST,12/21/2019,2019,16,43,0,HST,loss 
24,12,ATL,JAX,12/22/2019,2019,16,36,1,ATL,win
3,26,CHI,KC,12/22/2019,2019,16,29,0,KC,loss 
15,31,CLV,BLT,12/22/2019,2019,16,46,0,BLT,loss 
27,17,DEN,DET,12/22/2019,2019,16,44,1,DEN,win
38,6,IND,CAR,12/22/2019,2019,16,44,1,IND,win
17,24,LAC,OAK,12/22/2019,2019,16,41,0,LAC,loss 
38,35,MIA,CIN,12/22/2019,2019,16,73,1,CIN,win
16,10,NYJ,PIT,12/22/2019,2019,16,26,1,PIT,win
17,9,PHI,DAL,12/22/2019,2019,16,26,1,DAL,win
13,27,SEA,ARZ,12/22/2019,2019,16,40,0,SEA,loss 
28,38,TEN,NO,12/22/2019,2019,16,66,0,NO,loss 
35,41,WAS,NYG,12/22/2019,2019,16,76,0,NYG,loss 
10,23,MIN,GB,12/23/2019,2019,16,33,0,MIN,loss 
28,10,BLT,PIT,12/29/2019,2019,17,38,1,PIT,win
6,13,BUF,NYJ,12/29/2019,2019,17,19,0,NYJ,loss 
10,42,CAR,NO,12/29/2019,2019,17,52,0,NO,loss 
33,23,CIN,CLV,12/29/2019,2019,17,56,1,CLV,win
47,16,DAL,WAS,12/29/2019,2019,17,63,1,DAL,win
16,15,DEN,OAK,12/29/2019,2019,17,31,1,DEN,win
20,23,DET,GB,12/29/2019,2019,17,43,0,GB,loss 
14,35,HST,TEN,12/29/2019,2019,17,49,0,TEN,loss 
38,20,JAX,IND,12/29/2019,2019,17,58,1,IND,win
31,21,KC,LAC,12/29/2019,2019,17,52,1,KC,win
31,24,LA,ARZ,12/29/2019,2019,17,55,1,LA,win
19,21,MIN,CHI,12/29/2019,2019,17,40,0,CHI,loss 
24,27,NE,MIA,12/29/2019,2019,17,51,0,NE,loss 
17,34,NYG,PHI,12/29/2019,2019,17,51,0,PHI,loss 
21,26,SEA,SF,12/29/2019,2019,17,47,0,SF,loss 
22,28,TB,ATL,12/29/2019,2019,17,50,0,TB,loss 
